RazaoSocial,UF,total_despesas,media_trimestral,desvio_padrao,n_linhas,n_validos
BRADESCO SAÚDE S.A.,RJ,322688347192.4,107562782397.46667,46681103632.95404,3,3
SUL AMERICA COMPANHIA DE SEGURO SAÚDE,RJ,255723677376.81,85241225792.27,36926220353.683624,3,3
AMIL ASSISTÊNCIA MÉDICA INTERNACIONAL S.A.,SP,196745000673.21002,65581666891.07001,29653547204.130657,3,3
NOTRE DAME INTERMÉDICA SAÚDE S.A.,SP,89929846536.84,29976615512.28,15259351607.553123,3,3
HAPVIDA ASSISTENCIA MEDICA S.A.,CE,88233812743.75,29411270914.583332,14349591252.11954,3,3
CAIXA DE ASSISTÊNCIA DOS FUNCIONÁRIOS DO BANCO DO BRASIL,DF,68057719719.42,22685906573.14,10779885801.203217,3,3
UNIMED NACIONAL - COOPERATIVA CENTRAL,SP,66224536305.59,22074845435.196667,9613667745.103014,3,3
PORTO SEGURO - SEGURO SAÚDE S/A,SP,52438404508.12,17479468169.373333,8762562054.225267,3,3
GEAP AUTOGESTÃO EM SAÚDE,DF,49508781934.05,16502927311.35,7712536136.255055,3,3
UNIMED BELO HORIZONTE COOPERATIVA DE TRABALHO MÉDICO,MG,49238388320.17,16412796106.723333,7924683689.688635,3,3
PREVENT SENIOR PRIVATE OPERADORA DE SAÚDE LTDA,SP,45128557407.88,15042852469.293333,7598724644.220492,3,3
UNIMED SEGUROS SAÚDE S/A,SP,44783634238.15,14927878079.383333,7248754351.788375,3,3
UNIMED DO EST. DO RJ FEDERAÇÃO EST. DAS COOPERATIVAS MÉDICAS,RJ,43900244930.25,14633414976.75,6008173623.505231,3,3
UNIMED DE CIANORTE - COOPERATIVA DE TRABALHO MEDICO,PR,43199575911.83,14399858637.276667,77656531.69821183,3,3
UNIMED PORTO ALEGRE - COOPERATIVA MÉDICA LTDA.,RS,32446684400.32,10815561466.773333,5343320594.331454,3,3
UNIMED CURITIBA - SOCIEDADE COOPERATIVA DE MÉDICOS,PR,29640780503.690002,9880260167.896667,4778569767.83688,3,3
UNIMED CAMPINAS - COOPERATIVA DE TRABALHO MÉDICO,SP,26212735617.05,8737578539.016666,4330317912.644583,3,3
UNIMED GOIANIA COOPERATIVA DE TRABALHO MÉDICO,GO,22357713938.57,7452571312.856667,3426810413.5346394,3,3
UNIMED DE FORTALEZA SOCIEDADE COOPERATIVA MÉDICA LTDA.,CE,22071021916.05,7357007305.349999,3619761703.5669622,3,3
OMINT SERVIÇOS DE SAÚDE S.A.,SP,19637922306.6,6545974102.2,3299496485.223467,3,3
FUNDAÇÃO SAÚDE ITAÚ,MG,19318487339.18,6439495779.726666,3021896904.723006,3,3
CARE PLUS MEDICINA ASSISTENCIAL LTDA.,SP,18958226063.09,6319408687.696667,3151968978.152344,3,3
GRUPO HOSPITALAR DO RIO DE JANEIRO LTDA,RJ,18452279661.21,6150759887.07,2861804410.5317965,3,3
SERV  SOCIAL AUTÔNOMO DE ASSIST À SAÚDE DOS SERV PÚBLICOS E MILITARES DE GOIÁS,GO,18050303438.420002,9025151719.210001,2131980497.288265,2,2
UNIMED VITORIA COOPERATIVA DE TRABALHO MEDICO,ES,16618734438.14,5539578146.046666,2673806484.9600606,3,3
UNIMED FRANCISCO BELTRAO COOPERATIVA DE TRABALHO MEDICO,PR,16004579967.61,5334859989.203334,2807336862.917181,3,3
FUNDAÇÃO CESP,SP,13471374850.32,4490458283.44,2145416147.1820707,3,3
UNIMED RECIFE COOPERATIVA DE TRABALHO MÉDICO,PE,13441278912.93,4480426304.31,2127773900.420225,3,3
UNIMED BELÉM COOPERATIVA DE TRABALHO MÉDICO,PA,12997620247.25,4332540082.416667,1964814270.2202244,3,3
SAMEDIL SERVIÇOS DE ATENDIMENTO MÉDICO S/A,ES,12870264538.19,4290088179.396667,2264427288.408071,3,3
UNIMED CUIABA COOPERATIVA DE TRABALHO MÉDICO,MT,11862093946.779999,3954031315.593333,1784512367.0999506,3,3
UNIMED DO ESTADO DE SÃO PAULO - FEDERAÇÃO ESTADUAL DAS COOP. MÉDICAS,SP,11823468004.61,3941156001.536667,1817126893.5669694,3,3
FUNDAÇÃO ASSISTENCIAL DOS SERVIDORES DO MINISTÉRIO DA FAZENDA,DF,11782081304.279999,3927360434.7599998,1755894648.9373465,3,3
UNIMED SAO JOSÉ DO RIO PRETO - COOP. DE TRABALHO MÉDICO,SP,11466184236.54,3822061412.1800003,1875408818.0284216,3,3
UNIMED GRANDE FLORIANÓPOLIS-COOPERATIVA DE TRABALHO MEDICO,SC,11463117333.54,3821039111.1800003,1888861320.4087453,3,3
BRADESCO SAÚDE - OPERADORA DE PLANOS  S/A,SP,11290181741.06,3763393913.6866665,1668821526.5966644,3,3
SUL AMÉRICA PARANÁ CLÍNICAS SERVIÇOS DE SAÚDE S.A.,SP,10064473053.08,3354824351.0266666,1460818754.9830694,3,3
UNIMED NATAL SOC. COOP. DE TRAB. MÉDICO,RN,9934350721.19,3311450240.396667,1542169462.5165558,3,3
ASSOCIAÇÃO PETROBRAS DE SAÚDE - APS,RJ,9492632107.74,3164210702.58,1474128888.3728251,3,3
CAIXA BENEFICENTE DOS FUNCIONARIOS DO BANCO DO ESTADO DE SÃO PAULO,SP,9316805790.560001,3105601930.186667,1630918278.6044505,3,3
NOTRE DAME INTERMÉDICA MINAS GERAIS SAÚDE S.A.,CE,9063712276.259998,3021237425.4199996,1428879437.8207486,3,3
UNIMED DE LONDRINA COOPERATIVA DE TRABALHO MÉDICO,PR,8876772258.04,2958924086.013334,1409967028.510798,3,3
UNIMED SOROCABA COOPERATIVA DE TRABALHO MÉDICO,SP,8696823459.32,2898941153.1066666,1515275217.3763518,3,3
UNIMED-SÃO GONÇALO - NITERÓI - SOC.COOP.SERV.MED E HOSP LTDA,RJ,8546428667.65,2848809555.883333,1240776300.542571,3,3
UNIMED SERRA GAUCHA/RS COOPERATIVA DE ASSISTENCIA A SAUDE LTDA,RS,8465742227.19,2821914075.73,1440755662.0535243,3,3
UNIMED MACEIO COOPERATIVA DE TRABALHO MÉDICO,AL,8455541625.27,2818513875.09,1301165989.4791882,3,3
UNIMED JOAO PESSOA - COOPERATIVA DE TRABALHO MÉDICO,PB,8392353478.86,2797451159.62,1390222904.9934075,3,3
HUMANA SAÚDE NORDESTE LTDA.,PI,8356390248.74,2785463416.2466664,1324040341.4421837,3,3
UNIMED CAMPO GRANDE MS COOPERATIVA DE TRABALHO MÉDICO,MS,7788798757.67,2596266252.556667,1216273929.2423806,3,3
CAIXA DE ASSISTENCIA DOS SERVIDORES DO ESTADO DE MATO GROSSO DO SUL,MS,7514350282.08,2504783427.36,1164330717.430684,3,3
UNIMED DE SANTOS COOP DE TRAB MEDICO,SP,7320780021.610001,2440260007.2033334,1207038878.5967648,3,3
UNIMED REGIONAL MARINGÁ COOP.DE TRABALHO MÉDICO,PR,7095236429.27,2365078809.7566667,1142653841.5938785,3,3
UNIMED DE RIBEIRAO PRETO - COOPERATIVA DE TRABALHO MÉDICO,SP,7082062871.42,2360687623.806667,1185883934.3504364,3,3
SANTA HELENA ASSISTÊNCIA MÉDICA S/A.,SP,7033084968.7699995,2344361656.2566667,1155204160.0364375,3,3
UNIMED UBERLÂNDIA COOPERATIVA REGIONAL TRABALHO MÉDICO LTDA,MG,6588201635.15,2196067211.7166667,963130968.115157,3,3
SAMP ESPIRITO SANTO ASSISTENCIA MEDICA SA,ES,6561701475.52,2187233825.1733336,1040996722.600335,3,3
CLINIPAM CLINICA PARANAENSE DE ASSISTENCIA MEDICA LTDA,CE,6503250683.29,2167750227.7633333,1103670716.599125,3,3
UNIMED BLUMENAU - COOPERATIVA DE TRABALHO MEDICO,SC,6343984321.74,2114661440.58,1055357647.6942899,3,3
CENTRO TRASMONTANO DE SAO PAULO,SP,6315687669.39,2105229223.13,1049044386.1747359,3,3
ODONTOPREV S/A,SP,6227758370.389999,2075919456.7966664,1023879374.6793132,3,3
FUNDAÇÃO SÃO FRANCISCO XAVIER,MG,6124094592.46,2041364864.1533334,974120416.4762009,3,3
UNIMED DO ESTADO DO PARANÁ FEDERAÇÃO ESTADUAL DAS COOPERATIVAS MÉDICAS,PR,6094391692.809999,2031463897.6033332,1004561142.9912125,3,3
UNIMED DO ESTADO DE SANTA CATARINA FED. EST. DAS COOP. MÉD.,SC,5930213851.75,1976737950.5833333,950234583.8820401,3,3
POSTAL SAÚDE CAIXA DE ASSISTÊNCIA E SAÚDE DOS EMPREGADOS DOS CORREIOS,DF,5761123493.62,1920374497.8733332,739610412.2392646,3,3
UNIMED DIVINOPOLIS - COOPERATIVA DE TRABALHO MEDICO LTDA,MG,5760153484.73,1920051161.5766666,908953649.5163836,3,3
UNIMED SAO JOSE DOS CAMPOS - COOPERATIVA DE TRABALHO MEDICO,SP,5562079747.66,1854026582.5533333,897577424.9128903,3,3
ASSOCIAÇÃO DE BENEFICÊNCIA E FILANTROPIA SÃO CRISTOVÃO,SP,5463258752.309999,1821086250.7699997,860587521.9909115,3,3
UNIMED DE PIRACICABA SOCIEDADE COOPERATIVA DE SERVIÇOS MÉDICOS,SP,5304022210.88,1768007403.6266668,886111298.2397933,3,3
UNIMED DE JOINVILLE COOPERATIVA DE TRABALHO MÉDICO,SC,5224768174.1,1741589391.3666668,872407708.5946785,3,3
UNIMED - COOPERATIVA DE SERVIÇOS DE SAÚDE DOS VALES DO TAQUARI E RIO PARDO LTDA.,RS,5135660031.190001,1711886677.0633335,847907889.8814515,3,3
CEMIG SAÚDE,MG,5092137849.690001,1697379283.2300003,717159948.1003819,3,3
UNIMED LITORAL COOPERATIVA DE TRABALHO MÉDICO LTDA,SC,4937435883.59,1645811961.1966667,828694880.3213228,3,3
UNIMED DE BAURU COOPERATIVA DE TRABALHO MÉDICO,SP,4899015682.780001,1633005227.5933335,784648352.3046542,3,3
UNIMED JUIZ DE FORA COOPERATIVA DE TRABALHO MÉDICO LTDA,MG,4804122657.66,1601374219.22,779461509.4797194,3,3
UNIMED SERGIPE - COOPERATIVA DE TRABALHO MÉDICO,SE,4782902439.83,1594300813.2766666,697489594.9106082,3,3
UNIMED DE CASCAVEL COOPERATIVA DE TRABALHO MÉDICO,PR,4768092210.46,1589364070.1533334,740590525.9497432,3,3
SINDIFISCO NACIONAL - SINDICATO NACIONAL DOS AUDITORES-FISCAIS DA RECEITA FEDERAL DO BRASIL,DF,4720683208.86,1573561069.62,702281281.8916833,3,3
UNIMED TERESINA - COOPERATIVA DE TRABALHO MÉDICO,PI,4704390798.58,1568130266.1933334,765481895.792647,3,3
PASA - PLANO DE ASSISTENCIA A SAUDE DO APOSENTADO DA VALE,RJ,4408351155.309999,1469450385.1033332,661853478.2296293,3,3
UNIMED SÃO CARLOS - COOPERATIVA DE TRABALHO MÉDICO,SP,4157337308.71,1385779102.9033334,692439148.2051784,3,3
CAIXA DE ASSISTÊNCIA DOS FUNCIONÁRIOS DO BANCO DO NORDESTE DO BRASIL,CE,4057718802.6099997,1352572934.2033331,657906917.1350024,3,3
UNIMED DE PRESIDENTE PRUDENTE COOPERATIVA DE TRAB. MÉDICO,SP,4007311825.0200005,1335770608.3400002,687199679.0044659,3,3
PARANÁ CLÍNICAS - PLANOS DE SAÚDE S/A,PR,3972607476.72,1324202492.24,637074951.0922502,3,3
ASSOCIAÇÃO SANTA CASA SAÚDE DE SÃO JOSÉ DOS CAMPOS,SP,3946136896.0600004,1315378965.3533335,658356035.4199799,3,3
UNIMED DE MACAÉ COOPERATIVA DE ASSISTÊNCIA À SAÚDE,RJ,3897455744.2799997,1299151914.76,679801127.019029,3,3
PLANO HOSPITAL SAMARITANO LTDA,SP,3849683615.2200003,1283227871.74,615075389.3569304,3,3
INSTITUTO CURITIBA DE SAÚDE,PR,3769059083.39,1256353027.7966666,597883738.1680142,3,3
UNIMED NORTE DO MATO GROSSO COOPERATIVA DE TRABALHO MÉDICO,MT,3713247211.8,1237749070.6000001,606069931.6442549,3,3
CENTRO CLÍNICO GAÚCHO LTDA,CE,3688216843.9399996,1229405614.6466665,608897954.2772672,3,3
ALICE OPERADORA LTDA.,SP,3681486266.16,1227162088.72,686891402.288351,3,3
UNIMED JUNDIAI - COOPERATIVA DE TRABALHO MÉDICO,SP,3634197098.26,1211399032.7533333,628013513.5752152,3,3
UNIMED DE VOLTA REDONDA COOPERATIVA DE TRABALHO MÉDICO,RJ,3619706783.8100004,1206568927.9366667,590142594.3436415,3,3
UNIMED VALE DO SINOS - COOPERATIVA DE ASSISTÊNCIA À SAÚDE LTDA,RS,3566991677.67,1188997225.89,617296910.6862758,3,3
HUMANA SAÚDE LTDA.,PR,3525328285.24,1175109428.4133332,483898654.9306752,3,3
UNIMED CARUARU-COOPERATIVA DE TRABALHO MEDICO,PE,3479830798.3099995,1159943599.4366665,571908859.9679838,3,3
UNIMED SUL CAPIXABA COOPERATIVA DE TRABALHO MÉDICO,ES,3435653566.87,1145217855.6233332,557664953.8566732,3,3
UNIMED NOVA FRIBURGO-SOC.COOP.SERV.MED.HOSP.LTDA.,RJ,3425158475.84,1141719491.9466667,537816712.6517466,3,3
UNIMED UBERABA COOPERATIVA DE TRABALHO MEDICO LTDA.,MG,3404045657.3,1134681885.7666667,534943398.4928738,3,3
UNIMED DE SANTA BÁRBARA D'OESTE E AMERICANA - COOP DE TRABALHO MÉDICO,SP,3314724241.82,1104908080.6066668,550141933.8386545,3,3
UNIMED NOVA IGUACU COOPERATIVA DE TRABALHO MEDICO,RJ,3267389516.8599997,1089129838.9533331,480333657.96102387,3,3
ITAUSEG SAÚDE S.A.,SP,3186399186.8900003,1062133062.2966667,427072382.9603633,3,3
UNIMED DE MARILIA COOPERATIVA DE TRABALHO MÉDICO,SP,3183902869.84,1061300956.6133333,510680393.5145342,3,3
UNIMED VALE DO SÃO FRANCISCO COOPERATIVA DE TRABALHO MÉDICO,PE,3160924263.83,1053641421.2766666,518988498.1133183,3,3
METRUS INSTITUTO DE SEGURIDADE SOCIAL,SP,3155342308.76,1051780769.5866667,402398751.827254,3,3
LEVE SAUDE OPERADORA DE PLANOS DE SAUDE S.A,RJ,3139331329.49,1046443776.4966666,564916447.0054753,3,3
UNIMED PONTA GROSSA COOPERATIVA DE TRABALHO MEDICO,PR,3135434343.49,1045144781.1633333,492186259.36536455,3,3
SOBAM CENTRO MÉDICO HOSPITALAR S.A.,SP,3019378035.52,1006459345.1733333,470128580.8163171,3,3
SAMEL PLANO DE SAÚDE LTDA,AM,2999226438.17,999742146.0566667,508136982.50376976,3,3
QUALLITY PRÓ SAÚDE PLANO DE ASSISTÊNCIA MÉDICA LTDA.,DF,2977911261.89,992637087.2966666,446207245.36863685,3,3
FUNDAÇÃO COPEL DE PREVIDÊNCIA E ASSISTÊNCIA SOCIAL,PR,2967606352.99,989202117.6633333,464042423.7698237,3,3
MEDISERVICE OPERADORA DE PLANOS DE SAÚDE S.A.,SP,2964574766.89,988191588.9633332,455058041.31535804,3,3
UNIMED DE ARARAQUARA - COOP. DE TRAB. MÉDICO,SP,2961882893.66,987294297.8866667,497427097.33201826,3,3
UNIMED REGIONAL DA BAIXA MOGIANA - COOPERATIVA DE TRABALHO MÉDICO,SP,2939615183.68,979871727.8933333,475436362.75459856,3,3
UNIMED FRANCA - SOCIEDADE COOPERATIVA DE SERVIÇOS MÉDICOS E HOSPITALARES,SP,2923685293.69,974561764.5633334,488257167.9918793,3,3
REAL GRANDEZA - FUNDAÇÃO DE PREVIDÊNCIA E ASSISTÊNCIA SOCIAL,RJ,2899693145.9500003,966564381.9833335,475076288.434745,3,3
UNIMED PORTO VELHO - SOCIEDADE COOPERATIVA MÉDICA LTDA,RO,2819676519.34,939892173.1133333,466099547.08378303,3,3
DOCTOR CLIN OPERADORA DE PLANOS DE SAÚDE LTDA.,RS,2801737677.1800003,933912559.0600001,493818581.9746984,3,3
COOPERATIVA CENTRAL UNIMED DE COOPERATIVAS DE ASSISTÊNCIA À SAÚDE DO RIO GRANDE DO SUL LTDA.,RS,2795148918.25,931716306.0833334,437819699.2673613,3,3
H.B. SAÚDE S/A.,SP,2778021533.0,926007177.6666666,413166047.54840547,3,3
UNIMED DE CRICIÚMA COOPERATIVA DE TRABALHO MÉDICO DA REGIÃO CARBONÍFERA,SC,2770294118.18,923431372.7266666,462983079.85265994,3,3
CAIXA DE PREVIDÊNCIA E ASSISTÊNCIA DOS SERVIDORES DA FUNDAÇÃO NACIONAL DE SAÚDE - CAPESESP,RJ,2731113383.06,910371127.6866666,395944753.736175,3,3
FUNDAÇÃO CHESF DE ASSISTÊNCIA E SEGURIDADE SOCIAL,PE,2701408376.6800003,900469458.8933334,509419846.0584726,3,3
UNIMED CAMPINA GRANDE - COOPERATIVA DE TRABALHO MEDICO LTDA,PB,2687448335.44,895816111.8133334,430089212.82609004,3,3
ASSOCIACAO DOS AUDITORES FISCAIS DA RECEITA ESTADUAL DE SAO PAULO,SP,2673907618.81,891302539.6033334,459214085.23803675,3,3
UNIMED GOVERNADOR VALADARES COOP. DE TRABALHO MÉDICO LTDA.,MG,2667989800.9700003,889329933.6566668,429762612.1056302,3,3
COOPERATIVA DE TRABALHO MÉDICO DE POUSO ALEGRE,MG,2652721836.8,884240612.2666668,431788723.10112,3,3
BENSAUDE PLANO DE ASSISTENCIA MEDICA HOSPITALAR LTDA.,SP,2621368881.77,873789627.2566667,401157192.78081334,3,3
ASSOCIAÇÃO DE SAÚDE PORTUGUESA DE BENEFICÊNCIA,SP,2618397358.04,872799119.3466667,445515200.7105375,3,3
ASSOCIAÇÃO SANTA SAÚDE,SP,2618072311.16,872690770.3866667,407766815.2692056,3,3
UNIMED DO CEARÁ - FEDERAÇÃO DAS SOCIEDADES COOPERATIVAS MÉDICAS DO ESTADO DO CEARÁ LTDA.,CE,2557147656.97,852382552.3233333,442281006.5485705,3,3
UNIMED SALTO/ITU - COOPERATIVA MÉDICA,SP,2468370651.59,822790217.1966667,394926583.4039771,3,3
ALVORECER - ASSOCIAÇÃO DE SOCORROS MÚTUOS,SP,2412747523.0699997,804249174.3566666,382024378.772428,3,3
UNIMED SANTA MARIA/RS - COOPERATIVA DE ASSISTÊNCIA À SAÚDE LTDA,RS,2388452033.4900002,796150677.83,372585987.03963363,3,3
KLINI PLANOS DE SAÚDE LTDA,RJ,2382189063.56,794063021.1866666,418239218.5516612,3,3
CAIXA DE ASSISTÊNCIA DOS EMPREGADOS DO BANCO DO ESTADO DO RIO GRANDE DO SUL,RS,2362970262.12,787656754.04,390477988.2035432,3,3
UNIMED CHAPECÓ - COOPERATIVA DE TRABALHO MÉDICO DA REGIÃO OESTE CATARINENSE,SC,2330835229.24,776945076.4133333,401309540.72134364,3,3
UNIMED PATOS DE MINAS COOPERATIVA TRABALHO MÉDICO LTDA.,MG,2303218741.58,767739580.5266666,359514452.88058025,3,3
PROMÉDICA - PROTEÇÃO MEDICA A EMPRESAS S.A.,BA,2300404333.58,766801444.5266666,360785803.80583835,3,3
PLANO DE SAÚDE ANA COSTA LTDA.,SP,2299677924.4700003,766559308.1566668,361298874.6378366,3,3
"SERVIÇO SOCIAL DA INDÚSTRIA DO PAPEL, PAPELÃO E CORTIÇA DO ESTADO DE SÃO PAULO - SEPACO",SP,2257727937.35,752575979.1166667,396171559.2614035,3,3
UNIMED DE CAMPOS COOPERATIVA DE TRABALHO MÉDICO,RJ,2248037673.2,749345891.0666666,373360093.50974035,3,3
UNIMED RONDONOPOLIS COOPERATIVA DE TRABALHO MÉDICO LTDA,MT,2231644417.25,743881472.4166666,349202879.6144798,3,3
CAIXA DE ASSISTÊNCIA À SAÚDE - CABERJ,RJ,2209311133.13,736437044.3766667,343294453.25345045,3,3
CIRCULO OPERARIO CAXIENSE,RS,2193516716.35,731172238.7833333,358816071.8378793,3,3
UNIMED ANHANGUERA COOPERATIVA DE TRABALHO MÉDICO,SP,2132942550.62,710980850.2066666,337112567.4326609,3,3
UNIMED DE GUARULHOS COOPERATIVA DE TRABALHO MÉDICO,SP,2110014386.2199998,703338128.7399999,356628011.8482374,3,3
AUSTACLINICAS ASSISTÊNCIA MÉDICA E HOSPITALAR LTDA,SP,2073419687.09,691139895.6966666,341510993.26928866,3,3
ASSOCIAÇÃO ASSISTENCIAL DE SAÚDE SUPLEMENTAR CRUZ AZUL SAÚDE,SP,2070522458.32,690174152.7733333,205758306.49836835,3,3
UNIMED DO SUDOESTE COOPERATIVA DE TRABALHO MEDICO LTDA,BA,2056920783.48,685640261.16,321257768.34124666,3,3
AMPLA PLANOS DE SAUDE LTDA,RJ,2049270545.33,1024635272.665,256190488.3177868,2,2
UNIMED MARANHÃO DO SUL - COOPERATIVA DE TRABALHO MÉDICO,MA,2043214861.4599998,681071620.4866666,389728911.8584876,3,3
BIOVIDA SAÚDE LTDA.,SP,2037492485.44,679164161.8133334,314128740.6779721,3,3
UNIMED VALE DO SEPOTUBA - COOPERATIVA DE TRABALHO MÉDICO,MT,2018151683.6,672717227.8666667,307096723.933232,3,3
UNIMED DE MANAUS COOP. DO TRABALHO MÉDICO LTDA,AM,2015339803.88,671779934.6266667,284385711.88135195,3,3
UNIMED AMPARO COOPERATIVA DE TRABALHO MÉDICO,SP,1993977688.2800002,664659229.4266667,316154336.2575648,3,3
2CARE OPERADORA DE SAÚDE LTDA.,SP,1992279116.85,664093038.9499999,315144207.2756982,3,3
UNIMED RIO VERDE COOPERATIVA TRABALHO MEDICO,GO,1985694616.58,661898205.5266666,335389739.9888024,3,3
NOSSA SAÚDE - OPERADORA PLANOS PRIVADOS DE ASSISTÊNCIA  À SAÚDE LTDA.,PR,1985462853.07,661820951.0233333,309167788.5125501,3,3
UNIMED CENTRO RONDÔNIA COOPERATIVA DE TRABALHO MÉDICO,RO,1980074753.7800002,660024917.9266667,319639040.8277689,3,3
UNIMED DE BOTUCATU COOPERATIVA DE TRABALHO MÉDICO,SP,1944554592.46,648184864.1533333,315134525.7864051,3,3
UNIMED LESTE PAULISTA COOPERATIVA DE TRABALHO MÉDICO,SP,1944333673.3700001,648111224.4566667,307422795.76080626,3,3
FUNDAÇÃO CELESC DE SEGURIDADE SOCIAL - CELOS,SC,1935888781.2800002,645296260.4266667,324428409.27334875,3,3
UNIMED DE LIMEIRA COOPERATIVA DE TRABALHO MÉDICO,SP,1926257689.8799999,642085896.6266667,338397088.78993434,3,3
ASSOCIAÇÃO DR. BARTHOLOMEU TACCHINI,RS,1899814001.25,633271333.75,347279729.81128037,3,3
INTEGRA ASSISTENCIA MEDICA SA,SP,1858897023.33,619632341.11,213365754.34774062,3,3
UNIMED DE BEBEDOURO COOPERATIVA DE TRABALHO MÉDICO,SP,1850873401.17,616957800.39,304422394.4275993,3,3
UNIMED PETROPOLIS-RJ COOPERATIVA DE TRABALHO MÉDICO,RJ,1848676320.9299998,616225440.31,342130796.47386354,3,3
PLENA SAÚDE S.A.,SP,1846621397.6799998,615540465.8933333,284571933.81856716,3,3
CAIXA DE ASSISTÊNCIA DOS EMPREGADOS DA EMPRESA BRASILEIRA DE PESQUISA  AGROPECUÁRIA,DF,1829178748.18,609726249.3933333,303020348.7507238,3,3
ABERTTA SAÚDE - ASSOCIAÇÃO BENEFICENTE DOS EMPREGADOS DA ARCELORMITTAL NO BRASIL,MG,1811000077.17,603666692.39,281238228.69643474,3,3
ASSOCIAÇÃO EVANGELICA BENEFICENTE DE LONDRINA,PR,1810759975.75,603586658.5833334,306264975.75863564,3,3
PROASA SAÚDE,DF,1808724339.06,602908113.02,321444175.7610227,3,3
UNIMED COSTA OESTE - COOPERATIVA DE TRABALHO MÉDICO,PR,1789220498.85,596406832.9499999,301524710.073034,3,3
UNIMED PELOTAS/RS - COOPERATIVA DE ASSISTÊNCIA À SAÚDE LTDA.,RS,1773670845.78,591223615.26,297651321.0391656,3,3
S.P.A SAUDE- SISTEMA DE PROMOÇÃO ASSISTENCIAL,SP,1768232035.7,589410678.5666667,271603776.31966877,3,3
LIV LINHAS INTELIGENTES DE ATENÇÃO À VIDA S/A,SP,1731348330.0,577116110.0,291244923.2212858,3,3
UNIMED DE DOURADOS COOPERATIVA DE TRABALHO MÉDICO LTDA,MS,1726027254.29,575342418.0966667,291628839.30776465,3,3
GAMA SAUDE LTDA.,SP,1705520328.75,568506776.25,160808209.5699844,3,3
UNIMED DE ARACATUBA - COOPERATIVA DE TRABALHO MÉDICO,SP,1700939114.05,566979704.6833333,259886187.45769647,3,3
SERMED-SAÚDE LTDA.,SP,1694658067.6200001,564886022.5400001,281012224.31929266,3,3
UNIMED NOROESTE/RS - SOCIEDADE COOPERATIVA DE ASSISTÊNCIA À SAÚDE LTDA.,RS,1691610660.82,563870220.2733333,270335971.7903817,3,3
ASSOCIAÇÃO DE ASSISTÊNCIA À SAÚDE DOS EMPREGADOS DA COPASA,MG,1679711457.9899998,559903819.3299999,241332001.50898787,3,3
UNIMED RIO BRANCO COOPERATIVA DE TRABALHO MEDICO LTDA,AC,1665025032.35,555008344.1166667,252163774.77903885,3,3
UNIMED DE TUBARAO - COOPERATIVA DE TRABALHO MEDICO DA REGIAO DA AMUREL,SC,1654406034.0900002,551468678.0300001,282044843.00000966,3,3
IRMANDADE DA SANTA CASA DE MISERICÓRDIA DE PIRACICABA,SP,1650081489.6,550027163.1999999,312499886.27314276,3,3
UNIÃO MÉDICA PLANOS DE SAÚDE S/A,BA,1643670992.12,547890330.7066666,252572353.0559909,3,3
UNIMED NOROESTE CAPIXABA COOPERATIVA DE TRABALHO MÉDICO.,ES,1626537058.96,542179019.6533333,268811801.0199326,3,3
UNIMED PATO BRANCO SOCIEDADE COOPERATIVA DE MÉDICOS,PR,1606726708.96,535575569.65333337,247485057.37269422,3,3
UNIMED PLANALTO MÉDIO/RS - COOPERATIVA DE ASSISTÊNCIA À SAÚDE LTDA.,RS,1596773041.74,532257680.58,248964928.99024537,3,3
FUNDAÇÃO SANEPAR DE ASSISTÊNCIA SOCIAL,PR,1594367353.97,531455784.6566667,191060530.54826728,3,3
SÃO LUCAS SAÚDE S/A,SP,1589967637.63,529989212.54333335,250162935.069481,3,3
LIFE EMPRESARIAL SAÚDE LTDA.,SP,1587748949.46,529249649.82,260982916.4619696,3,3
CAIXA DE ASSISTÊNCIA OSWALDO CRUZ,RJ,1527023927.8600001,509007975.9533334,233862472.1353557,3,3
SAUDE PAS - MEDICINA E ODONTO,RS,1522759614.18,507586538.06,239040845.20159334,3,3
UNIMED REGIONAL JAU - COOPERATIVA DE TRABALHO MÉDICO,SP,1509242135.73,503080711.91,247093100.354638,3,3
ECONOMUS INSTITUTO DE SEGURIDADE SOCIAL,SP,1508870429.71,502956809.90333337,262829948.9214266,3,3
UNIMED DE RIO CLARO SP COOPERATIVA DE TRABALHO MEDICO,SP,1487898259.04,495966086.34666663,255107820.06951463,3,3
SANTA CASA DE MISERICÓRDIA DE JUIZ DE FORA,MG,1482413481.69,494137827.23,243666546.37763107,3,3
UNIMED ANÁPOLIS COOPERATIVA DE TRABALHO MÉDICO.,GO,1469165672.44,489721890.81333333,210135364.4332143,3,3
FUNDAÇÃO AFFEMG DE ASSISTÊNCIA E SAÚDE - FUNDAFFEMG,MG,1442759712.24,480919904.08,238647303.23000267,3,3
UNIMED DE OURINHOS - COOPERATIVA DE TRABALHO MÉDICO,SP,1399894202.21,466631400.7366667,224969233.83627877,3,3
CABERJ INTEGRAL SAÚDE S.A,RJ,1388196402.4499998,462732134.1499999,210799571.35745114,3,3
PLANO DE SAÚDE DA SANTA CASA DE BRAGANÇA PAULISTA,SP,1387113506.03,462371168.6766667,227488976.83508995,3,3
UNIMED DO CARIRI - SOCIEDADE COOPERATIVA MÉDICA LTDA,CE,1360071330.88,453357110.29333335,238621688.04084495,3,3
UNIMED CENTRO OESTE PAULISTA - FEDERAÇÃO INTRAFEDERATIVA DAS COOPERATIVAS MÉDICAS,SP,1355884021.34,451961340.44666666,230553513.42518774,3,3
UNIMED VARGINHA COOPERATIVA DE TRABALHO MÉDICO,MG,1354581213.74,451527071.24666667,205807544.02326497,3,3
UNIMED TEOFILO OTONI COOPERATIVA DE TRABALHO MÉDICO,MG,1347562309.56,449187436.52,201848167.95154357,3,3
MÚTUA DOS MAGISTRADOS DO ESTADO DO RIO DE JANEIRO,RJ,1346042629.7,448680876.56666666,220311586.46091196,3,3
UNIMED PALMAS COOPERATIVA DE TRABALHO MÉDICO,TO,1342110969.77,447370323.25666666,193589002.8052094,3,3
MED-TOUR ADMINISTRADORA DE BENEFÍCIOS E EMPREENDIMENTOS LTDA.,SP,1334995726.65,444998575.55,209540846.47954455,3,3
UNIMED REGIONAL DE CAMPO MOURÃO COOP TRAB MEDICO,PR,1320448878.55,440149626.18333334,210258222.76985744,3,3
OPERADORA UNIESTE DE PLANOS DE SAÚDE LTDA,RJ,1307274639.78,435758213.26,219145746.55136743,3,3
UNIMED ARARUAMA COOPERATIVA DE TRABALHO MÉDICO LTDA,RJ,1296486788.56,432162262.8533333,219636132.08328304,3,3
UNIHOSP SAÚDE LTDA,SP,1263878704.18,421292901.3933334,202663109.22823244,3,3
POLICLIN SAÚDE S/A.,SP,1257405366.56,419135122.18666667,205340292.41938564,3,3
UNIMED ENCOSTA DA SERRA/RS SOCIEDADE COOPERATIVA DE SERVIÇOS DE SAÚDE LTDA.,RS,1245240067.59,415080022.53,206439569.73262516,3,3
UNIMED METROPOLITANA DO AGRESTE - COOPERATIVA DE TRABALHO MÉDICO,AL,1237514572.8899999,412504857.62999994,192125129.05135238,3,3
UNIMED COSTA DO DESCOBRIMENTO COOPERATIVA DE TRABALHO MÉDICO,BA,1235631854.44,411877284.81333333,202554490.96315092,3,3
UNIMED MONTES CLAROS COOPERATIVA DE  TRABALHO MÉDICO LTDA.,MG,1225390159.05,408463386.34999996,170633402.0384285,3,3
UNIMED CONSELHEIRO LAFAIETE COOPERATIVA DE TRABALHO MÉDICO LTDA,MG,1193636285.88,397878761.96000004,195605978.0833737,3,3
UNIMED NORTE CAPIXABA- COOPERATIVA DE TRABALHO MÉDICO,ES,1179041722.3,393013907.43333334,199737008.00613472,3,3
UNIMED GUARAPUAVA COOPERATIVA DE TRABALHO MÉDICO,PR,1158133648.28,386044549.4266667,177098148.7767168,3,3
CAIXA DE ASSISTENCIA A SAUDE DA UNIVERSIDADE,MG,1157186721.93,385728907.31,182258633.05113584,3,3
ASSOCIAÇÃO ADVENTISTA NORTE BRASILEIRA DE PREVENÇÃO E ASSISTÊNCIA A SAÚDE,PA,1150863226.5,383621075.5,179480943.083834,3,3
BENEFICENCIA CAMILIANA DO SUL,SP,1150192564.79,575096282.395,256648371.552136,2,2
UNIMED DE CATANDUVA - COOPERATIVA DE TRABALHO MÉDICO,SP,1138787228.65,379595742.8833334,175628611.4727795,3,3
SIM - CAIXA DE ASSISTÊNCIA À SAÚDE,SC,1136958896.52,378986298.84,179683388.51777703,3,3
HBC SAÚDE LTDA.,SP,1135797963.44,378599321.1466667,177678357.2155402,3,3
UNIMED VALE DO CAÍ/RS - COOPERATIVA DE ASSISTÊNCIA À SAÚDE LTDA.,RS,1122893713.03,374297904.3433333,182467166.00219476,3,3
ASSOCIAÇÃO DA SANTA CASA SAÚDE DE RIBEIRÃO PRETO,SP,1114895744.26,371631914.75333333,167397537.05137506,3,3
UNIMED BARRA DO GARÇAS - COOPERATIVA DE TRABALHO MÉDICO,MT,1099369249.23,366456416.41,170755115.5518933,3,3
UNIMED DE ASSIS COOPERATIVA DE TRABALHO MÉDICO,SP,1098064206.06,366021402.02,171621630.44225138,3,3
IRMANDADE SANTA CASA DE MISERICÓRDIA DE MARINGÁ,PR,1097697495.93,365899165.31,190368401.75005144,3,3
SAÚDE BRB - CAIXA DE ASSISTÊNCIA,DF,1079711676.06,359903892.02,168737351.60817638,3,3
SELECT OPERADORA DE PLANO DE SAUDE LTDA,GO,1060194238.02,353398079.34,291362482.7797487,3,3
UNIMED EXTREMO SUL COOPERATIVA DE TRABALHO MÉDICO,BA,1046009484.8399999,348669828.28,153974691.95980307,3,3
UNIMED POÇOS DE CALDAS - SOC. COOP. DE TRAB. E SERVIÇOS MÉDICOS,MG,1042750822.8399999,347583607.6133333,177931515.21395847,3,3
FUNDAÇAO COMPESA DE PREVIDENCIA E ASSISTENCIA - COMPESAPREV,PE,1041264814.76,347088271.58666664,170128868.8928903,3,3
UNIMED NORDESTE PAULISTA - FED. INTRAFEDERATIVA DAS COOP. MÉDICAS,SP,1035646999.0899999,345215666.3633333,158221894.04821992,3,3
UNIMED DE BARRA MANSA SOC. COOP. SERV.MED.E HOSPIT.,RJ,1032783862.54,344261287.5133333,176320695.11227316,3,3
CENTRAL REGIONAL DAS COOPERATIVAS MÉDICAS - UNIMED CERRADO,GO,1030451245.3199999,343483748.44,147894178.24487668,3,3
UNIMED CURVELO COOPERATIVA DE TRABALHO MÉDICO LTDA.,MG,1025623826.24,341874608.74666667,161634712.971804,3,3
UNIMED INCONFIDENTES COOPERATIVA DE TRABALHO MÉDICO LTDA.,MG,1023552292.8399999,341184097.6133333,169865900.2636782,3,3
UNIMED LITORAL SUL/RS - COOPERATIVA DE ASSISTÊNCIA À SAÚDE LTDA.,RS,1022318087.98,340772695.99333334,154898577.40376142,3,3
ASSOCIAÇÃO SÃO FRANCISCO VIDA,SP,1001349465.81,333783155.27,170662609.7858301,3,3
LUMINAR SAÚDE - ASSOCIAÇÃO DE ASSISTÊNCIA À SAÚDE,DF,996076213.74,332025404.58,132058587.23374318,3,3
UNIMED DE PARANAGUÁ COOPERATIVA DE TRABALHO MÉDICO,PR,992781139.27,330927046.42333335,157548718.21845698,3,3
UNIMED NORTE FLUMINENSE COOPERATIVA DE TRABALHO MEDICO,RJ,991336488.23,330445496.07666665,160872074.69660613,3,3
ASSOCIAÇÃO BENEFICENTE DE ASSISTÊNCIA A SAÚDE DOS JUÍZES DO TRABALHO DA 15ª REGIÃO (ABAS 15),SP,974601221.81,324867073.93666667,153465397.4609184,3,3
UNIMED DE SÃO ROQUE - COOPERATIVA DE TRABALHO MÉDICO,SP,967526553.65,322508851.21666664,169619608.2548409,3,3
CENTRO HOSPITALAR ATIBAIA LTDA.,SP,967206850.2,322402283.40000004,175391344.19749588,3,3
UNIMED DE BRUSQUE COOPERATIVA DE TRABALHO MÉDICO,SC,955539974.16,318513324.71999997,141180443.39840764,3,3
UNIMED RESENDE COOPERATIVA DE TRABALHO MÉDICO,RJ,944519890.16,314839963.38666666,169528074.51193213,3,3
UNIMED DE PARANAVAÍ COOPERATIVA DE TRABALHO MÉDICO,PR,942407795.03,314135931.6766667,148839317.12092075,3,3
UNIMED MISSÕES/RS - COOPERATIVA DE ASSISTÊNCIA À SAÚDE LTDA.,RS,937292620.91,312430873.63666666,146916165.06177947,3,3
ASSOCIAÇÃO PADRE ALBINO SAÚDE,SP,937249873.45,312416624.48333335,164623363.18589443,3,3
IRMANDADE DA SANTA CASA DE MISERICÓRDIA DE RIO CLARO,SP,929084392.02,309694797.34,167503227.01961526,3,3
AMESC - ASSOCIAÇÃO MÉDICA ESPÍRITA CRISTÃ,RJ,923118491.01,307706163.67,144521262.14706907,3,3
CAIXA ASSISTENCIAL E BENEFICENTE DOS FUNCIONÁRIOS DA ACARESC,SC,910765687.3,303588562.43333334,136939660.50479314,3,3
AMEPLAN ASSISTÊNCIA MÉDICA PLANEJADA LTDA,SP,894195251.1800001,298065083.7266667,79619224.4074927,3,3
ASSOCIAÇÃO DOS SERVIDORES FISCAIS DO ESTADO DA BAHIA,BA,879410005.69,293136668.56333333,147043244.85898897,3,3
UNIMED REGIONAL SUL GOIAS COOP. DE TRABALHO MÉDICO LTDA,GO,877344167.02,292448055.67333335,140300702.88960928,3,3
ELOSAÚDE - ASSOCIAÇÃO DE ASSISTÊNCIA À SAÚDE,SC,867334781.21,289111593.7366667,137317250.218089,3,3
ASSOCIAÇÃO BENEFICENTE DOS PROFESSORES PÚBLICOS ATIVOS E INATIVOS DO RIO DE JANEIRO - APPAI,RJ,863586036.01,287862012.00333333,147884709.4256509,3,3
UNIMED APUCARANA COOPERATIVA DE TRABALHO MÉDICO,PR,861503058.25,287167686.0833333,132754954.7018949,3,3
UNIMED OESTE DO PARANA - COOPERATIVA DE TRABALHO MEDICO,PR,858156933.23,286052311.07666665,135685808.0493296,3,3
UNIMED VALE DO AÇO COOPERATIVA DE TRABALHO MÉDICO,MG,857832966.45,428916483.225,182086548.80801117,2,2
FUNDAÇÃO DE SEGURIDADE SOCIAL DA ARCELORMITTAL BRASIL - FUNSSEST,ES,847705407.8199999,282568469.2733333,109137485.88296391,3,3
UNIMED DE JABOTICABAL COOP. DE TRABALHO MÉDICO,SP,839264841.53,279754947.1766667,141386343.52629688,3,3
ASSOCIAÇÃO SANTA CASA SAÚDE DE ARAÇATUBA,SP,836434353.29,278811451.09666663,131452415.58065477,3,3
SAÚDE SANTA TEREZA LTDA.,SP,835758329.42,278586109.8066667,135159228.98185995,3,3
UNIMED JOÃO MONLEVADE COOPERATIVA DE TRABALHO MÉDICO LTDA.,MG,825794225.13,275264741.71,127490695.58363785,3,3
AGROS - INSTITUTO UFV DE SEGURIDADE SOCIAL,MG,818165163.53,272721721.1766667,126656926.54695098,3,3
SANTA CASA DE MAUÁ SAÚDE,SP,812942054.29,270980684.7633333,130417098.7763838,3,3
UNIMED PARÁ DE MINAS COOPERATIVA DE TRABALHO MÉDICO LTDA.,MG,808720521.39,269573507.13,127249305.75670294,3,3
UNIMED SÃO JOÃO DEL REI - COOPERATIVA DE TRABALHO MÉDICO,MG,808399893.75,269466631.25,131547527.84322001,3,3
ASSOCIAÇAO DOS FUNCIONARIOS PUBLICOS DO ESTADO DO RIO GRANDE DO SUL,RS,808168990.18,269389663.3933333,107697709.14165817,3,3
CAIXA DE ASSISTÊNCIA DOS EMPREGADOS DA SANEAGO,GO,807202585.13,269067528.37666667,125254160.29803137,3,3
UNIMED DE CATALÃO COOPERATIVA DE TRABALHO MÉDICO,GO,800690321.46,266896773.82000002,122589042.62531964,3,3
CAIXA DE ASSISTÊNCIA À SAÚDE DOS SERVIDORES PÚBLICOS DO ESTADO DO MATO GROSSO DO SUL,MS,799537594.9399999,266512531.64666665,127111305.76373978,3,3
UNIMED OESTE DO PARÁ - COOPERATIVA DE TRABALHO MÉDICO,PA,791616576.54,263872192.17999998,112614736.53749278,3,3
UNIMED ITABIRA COOPERATIVA DE TRABALHO MÉDICO,MG,790333241.5,263444413.83333334,123151576.64012611,3,3
CAIXA DE ASSISTÊNCIA DOS SERVIDORES FAZENDÁRIOS ESTADUAIS,CE,790157914.03,263385971.34333333,127101885.15086533,3,3
SUL AMÉRICA SEGURADORA DE SAÚDE S.A.,SP,787352278.25,787352278.25,0.0,1,1
UNIMED ARAXÁ COOPERATIVA DE TRABALHO MÉDICO LTDA.,MG,787340640.12,262446880.04,128512481.05448405,3,3
UNIMED OS BANDEIRANTES COOPERATIVA DE TRABALHO MÉDICO,SP,778325324.3499999,259441774.7833333,107067619.98342313,3,3
OPERADORA UNICENTRAL DE PLANOS DE SAÚDE LTDA.,SP,777133623.86,259044541.28666666,109619857.91356604,3,3
UNIMED DE CAÇAPAVA - COOPERATIVA DE TRABALHO MEDICO,SP,772767353.84,257589117.9466667,126217814.16593659,3,3
SAMI ASSISTÊNCIA MÉDICA LTDA,SP,769034958.55,256344986.1833333,110343834.6568657,3,3
ASSISTÊNCIA MÉDICA SÃO MIGUEL LTDA,SP,766565660.13,255521886.71,131429120.08726697,3,3
GOCARE PLANOS DE SAUDE LTDA,SP,762061403.48,254020467.82666668,90640337.96425204,3,3
UNIMED ERECHIM - COOPERATIVA DE SERVIÇOS DE SAÚDE LTDA.,RS,761699133.91,253899711.3033333,118915628.43626362,3,3
UNIMED DE TATUI - COOPERATIVA DE TRABALHO MÉDICO,SP,758849111.46,252949703.82000002,116747651.80700119,3,3
UNIMED FRONTEIRA NOROESTE/RS - COOPERATIVA DE ASSISTÊNCIA À SAÚDE LTDA.,RS,756045082.46,252015027.48666668,120290248.874163,3,3
OESTE SAÚDE ASSISTÊNCIA A SAÚDE SUPLEMENTAR S.A,SP,750902014.15,250300671.38333333,123562677.99458207,3,3
FUNDAÇÃO DE SAÚDE ITAIGUAPY,PR,747126541.54,249042180.51333332,134901789.57748917,3,3
UNIMED ALTO VALE - COOPERATIVA DE TRABALHO MÉDICO,SC,746224591.8199999,248741530.60666665,120832321.7658384,3,3
NOVA SAÚDE OPERADORA INTEGRADA DE SAÚDE LTDA,RJ,745740578.28,248580192.76,136002456.31772456,3,3
UNIMED ITAJUBA COOPERATIVA DE TRABALHO MEDICO,MG,743605743.62,247868581.20666668,133735990.52796334,3,3
UNIMED DE LENÇOIS PAULISTA - COOPERATIVA DE TRABALHO MÉDICO,SP,741537226.76,247179075.58666667,115012883.64165954,3,3
CAIXA DE ASSISTÊNCIA DOS EMPREGADOS DO SISTEMA FINANCEIRO BANESTES,ES,734075380.35,244691793.45000002,105214441.82998915,3,3
UNIMED BARBACENA - COOPERATIVA DE TRABALHO MÉDICO LTDA,MG,731520135.35,243840045.11666667,126310603.23556368,3,3
GARANTIA DE SAÚDE LTDA,SP,730784610.29,243594870.09666666,111709738.30669872,3,3
METLIFE PLANOS ODONTOLÓGICOS LTDA.,SP,729106776.1600001,243035592.05333337,111269136.26799856,3,3
UNIMED CENTRO SUL FLUMINENSE COOPERATIVA DE TRABALHO MÉDICO,RJ,722732401.05,240910800.35,125156712.43417045,3,3
UNIMED ARAGUARI COOPERATIVA DE TRABALHO MÉDICO,MG,721363026.75,240454342.25,110700137.91714305,3,3
UNIMED CABO FRIO COOPERATIVA TRABALHO MÉDICO LTDA.,RJ,716370826.55,238790275.51666665,117650609.7672101,3,3
UNIMED SAÚDE E ODONTO S.A,SP,712068383.49,237356127.83,122657048.57540964,3,3
UNIMED DE LINS - COOPERATIVA DE TRABALHOS MÉDICOS,SP,707940237.36,235980079.12,104896380.66325499,3,3
VIVACOM PLANOS DE SAÚDE,GO,699670715.03,233223571.67666665,109686658.35413887,3,3
ESMALE ASSISTENCIA INTERNACIONAL DE SAUDE LTDA.,AL,692127173.85,230709057.95000002,96578608.59723027,3,3
UNIMED NOROESTE DO PARANÁ COOP DE TRABALHO MÉDICO .,PR,691487351.26,230495783.75333333,117926275.8422759,3,3
PARANA ASSISTENCIA MEDICA LTDA,PR,681353584.8299999,227117861.60999998,108547142.77096742,3,3
ASSOCIAÇÃO DE ASSISTÊNCIA À SAÚDE DA AMAGIS,MG,678784850.06,226261616.68666664,111465386.35712273,3,3
UNIMED EXTREMO OESTE CATARINENSE COOPERATIVA DE TRABALHO MÉDICO,SC,678096045.78,226032015.26,103560363.30583921,3,3
SISTEMAS E PLANOS DE SAÚDE LTDA.,SP,675704650.72,225234883.57333335,81950146.0277025,3,3
UNIMED MEIO OESTE CATARINENSE COOPERATIVA DE TRABALHO MÉDICO,SC,659714902.3,219904967.4333333,100904474.69174565,3,3
UNIODONTO DE CAMPINAS COOPERATIVA ODONTOLÓGICA,SP,656803497.78,218934499.26,113289829.4315136,3,3
IRMANDADE DA SANTA CASA DE MISERICORDIA DE LIMEIRA,SP,654164186.23,218054728.74333334,113437863.40015064,3,3
UNIMED MURIAÉ COOPERATIVA DE TRABALHO MEDICO LTDA,MG,652293598.95,217431199.65,102732349.38426141,3,3
UNIMED NORTE PIONEIRO - COOPERATIVA DE TRABALHO MÉDICO,PR,651590946.6299999,217196982.20999995,106848461.23037325,3,3
UNIMED CENTRO PAULISTA - FEDERAÇÃO INTRAFEDERATIVA DAS COOPERATIVAS MÉDICAS,SP,639749050.7,213249683.5666667,100254437.77152383,3,3
UNIMED DE GUARATINGUETA-COOPERATIVA DE TRABALHO MÉDICO,SP,634867671.51,211622557.17,100828004.25361198,3,3
FUNDACAO LEONOR DE BARROS CAMARGO,SP,632982827.61,210994275.87,102360053.86113535,3,3
"UNIMED VALE DAS ANTAS, RS - COOPERATIVA DE ASSISTÊNCIA À SAÚDE LTDA.",RS,624476107.6800001,208158702.56000003,71226504.14616561,3,3
SULMED - ASSISTÊNCIA MÉDICA LTDA,RS,621011021.53,207003673.84333333,105492583.46678329,3,3
UNIMED LAVRAS COOPERATIVA DE TRABALHO MÉDICO,MG,619956795.84,206652265.28,103305192.76287739,3,3
ASSOCIAÇÃO POLICIAL DE ASSISTÊNCIA À SAÚDE,SP,617862602.99,68651400.33222222,57872780.24455944,9,9
CAIXA ASSISTENCIAL UNIVERSITÁRIA DO RIO GRANDE DO NORTE,RN,615583099.8399999,205194366.6133333,96269959.56822668,3,3
PLAMED PLANO DE ASSISTENCIA MEDICA LTDA,SE,606513629.52,202171209.84,105559979.872378,3,3
UNIMED ALTA MOGIANA COOPERATIVA DE TRABALHO MÉDICO,SP,606460031.24,202153343.74666667,102701017.6743435,3,3
UNIMED TRÊS RIOS COOPERATIVA DE TRABALHO MÉDICO,RJ,602470749.5,200823583.16666666,91609694.17314158,3,3
HOSPITAIS E CLÍNICAS DO PIAUÍ S/S LTDA,PI,594064760.9300001,198021586.9766667,91875205.96610038,3,3
CAIXA DE ASSISTÊNCIA À SAUDE DOS EMPREGADOS DA CODEVASF - CASEC,DF,587359490.8899999,195786496.96333328,76001840.04906099,3,3
ASSOCIAÇÃO DE SAÚDE DO VALE,SC,586454831.1,195484943.70000002,98982350.98348571,3,3
ASSOCIAÇÃO DE SAÚDE DOS FORNECEDORES DE CANA DE PIRACICABA E REGIÃO,SP,580057391.0899999,193352463.69666663,103971971.6945666,3,3
MATÃO CLINICAS & AMHMA SAÚDE LTDA,SP,578553990.86,192851330.28666666,90921486.88916977,3,3
UNIMED DE SOBRAL SOCIEDADE COOPERATIVA MÉDICA LTDA,CE,578097576.71,192699192.23666668,97624554.73469484,3,3
UNIMED DE IBITINGA COOPERATIVA DE TRABALHO MÉDICO,SP,577247557.43,192415852.47666666,90928612.21780205,3,3
UNIMED SUL PAULISTA - COOPERATIVA DE TRABALHO MÉDICO,SP,574937317.39,191645772.46333334,93028262.82307509,3,3
ASSOCIAÇÃO DE ASSISTÊNCIA MÉDICO HOSPITALAR DOS MAGISTRADOS DO ESTADO DO PARANÁ,PR,573805230.44,191268410.14666668,102154325.60745671,3,3
PRONTOMED PLANOS DE SAÚDE LTDA,MG,573206141.55,191068713.85,85105796.94091964,3,3
TEMPO MED PLANO DE SAUDE LTDA,SC,571647349.02,190549116.34,112855469.81604989,3,3
UNIMED SETE LAGOAS COOPERATIVA TRABALHO MÉDICO,MG,570745128.6600001,285372564.33000004,134041699.89849785,2,2
ASSOCIAÇÃO DO PLANO DE SAÚDE DA SANTA CASA DE MISERICÓRDIA DE ITABUNA - PLANSUL,BA,554576184.6999999,184858728.23333332,82698941.78458357,3,3
AMHE MED ASSISTENCIA A SAUDE LTDA - EPP,SP,554441764.62,184813921.54,144351098.89235145,3,3
UNIMED COSTA VERDE RJ,RJ,551909247.78,183969749.26,73939085.22631107,3,3
SUL AMÉRICA ODONTOLÓGICO S/A,SP,548108422.37,182702807.45666668,83776291.54556441,3,3
UNIMED ITAÚNA COOPERATIVA DE TRABALHO MÉDICO LTDA.,MG,548076833.7,182692277.9,80910175.67583624,3,3
ASSOCIAÇÃO MINEIRA DE ASSISTÊNCIA À SAÚDE DOS MEMBROS DO MINISTÉRIO PÚBLICO,MG,547491024.15,182497008.04999998,95402025.2079123,3,3
UNIMED CAÇADOR COOPERATIVA DE TRABALHO MÉDICO DA REGIÃO DO CONTESTADO,SC,546465354.8,182155118.26666665,90503413.24567048,3,3
SÃO FRANCISCO ASSISTÊNCIA MÉDICA LTDA,PE,545421011.81,181807003.93666664,86098995.16231005,3,3
UNIMED ITUIUTABA COOPERATIVA TRABALHO MÉDICO LTDA.,MG,539225006.68,179741668.89333332,83631450.96836464,3,3
SANTA CASA DE MISERICORDIA DE SAO JOAQUIM DA BARRA,SP,536767627.77000004,178922542.59,91163065.4089078,3,3
BEST SENIOR OPERADORA DE SAÚDE LTDA,ES,535612910.95,178537636.98333332,116011676.15132365,3,3
UNIMED NOROESTE FLUMINENSE - COOPERATIVA DE TRABALHO MÉDICO LTDA,RJ,533479333.35,177826444.45000002,83979186.81114037,3,3
ELETROS SAÚDE - ASSOCIAÇÃO DE ASSISTÊNCIA À SAÚDE,RJ,531689227.24,177229742.41333333,95919414.2247932,3,3
UNIMED GUAXUPÉ COOPERATIVA DE TRABALHO MEDICO,MG,527892352.26,175964117.42,84188760.6738939,3,3
PLADISA PLANOS DE SAÚDE SA,SC,525867079.85,175289026.61666667,81180223.7596013,3,3
UNIMED SÃO LOURENÇO COOPERATIVA DE TRABALHO MÉDICO,MG,525177915.92,175059305.30666667,81533665.09321882,3,3
FUNDAÇÃO LIBERTAS DE SEGURIDADE SOCIAL,MG,523026827.27,174342275.75666666,80249851.12145238,3,3
VITA ASSISTÊNCIA A SAÚDE LTDA.,MG,522578250.46000004,174192750.15333334,118356412.78180589,3,3
UNIMED ALTO DA SERRA - SOCIEDADE COOPERATIVA DE SERVIÇO MÉDICO LTDA.,RS,522554729.16999996,174184909.72333333,79034430.24855997,3,3
UNIMED DE PINDAMONHANGABA - COOPERATIVA TRABALHO MEDICO,SP,517374786.97,172458262.32333335,81773360.92252932,3,3
COOPERATIVA DE TRABALHO MÉDICO DO PLANALTO NORTE DE SANTA CATARINA LTDA,SC,515521256.63,171840418.87666667,78981127.98563889,3,3
UNIMED NORTE PAULISTA - COOPERATIVA DE TRABALHO MÉDICO,SP,515261037.4,171753679.13333333,81402191.48965238,3,3
AMHA SAUDE S/A,SP,513091093.59000003,171030364.53,83633938.81035271,3,3
SAMOC S.A. - SOCIEDADE ASSISTENCIAL MÉDICA E ODONTO CIRÚRGICA,RJ,510200117.84000003,170066705.9466667,80387939.47189929,3,3
ASSOCIAÇÃO MAIS SAÚDE SANTA CASA DE SÃO JOÃO DA BOA VISTA,SP,507728009.19,169242669.73,93082473.72699374,3,3
INSTITUIÇÃO BENEFICENTE CEL MASSOT - IBCM,RS,505637985.15000004,168545995.05,99254939.99845912,3,3
CAIXA DE ASSISTÊNCIA À SAÚDE DO SINDICATO DOS FUNCIONÁRIOS INTEGRANTES DO GRUPO OCUPACIONAL ADMINISTRAÇÃO TRIBUTÁRIA DO ESTADO DE PERNAMBUCO,PE,504568930.22,168189643.40666667,89880630.16201307,3,3
COOPERATIVA DE TRABALHO MEDICO REGIÃO DO PLANALTO SERRANO,SC,502914911.75,167638303.91666666,86891013.29737721,3,3
COOPERATIVA DE TRABALHO MEDICO DE ARAGUAÍNA - UNIMED ARAGUAÍNA,TO,502197687.88,167399229.29333332,74981214.77887219,3,3
SÃO DOMINGOS SAÚDE- ASSISTÊNCIA MÉDICA  LTDA,SP,496510534.85,165503511.61666667,82162108.62999335,3,3
SAÚDE BRASIL ASSISTÊNCIA MÉDICA LTDA.,SP,490148542.8000001,163382847.60000002,94402606.55903774,3,3
AMAZÔNIA PLANOS DE SAÚDE LTDA,PA,485738161.51,161912720.50333333,79077134.42667928,3,3
UNIMED PATROCÍNIO COOPERATIVA DE TRABALHO MÉDICO LTDA.,MG,480624727.23,160208242.41,77036920.55516092,3,3
UNIMED MARQUES DE VALENÇA COOPERATIVA DE TRABALHO MÉDICO LTDA.,RJ,478269082.38,159423027.46,82990876.178647,3,3
PLANO DE SAUDE ASES LTDA.,RJ,478057550.96,159352516.98666665,73282866.33555248,3,3
UNIMED REGIONAL DE TRES LAGOAS COOPERATIVA DE TRABALHO MÉDICO,MS,475846224.87,158615408.29,77817955.79253183,3,3
UNIMED DE BIRIGUI - COOPERATIVA DE TRABALHO MÉDICO,SP,474736851.42,158245617.14000002,77673924.24743496,3,3
ASSOCIAÇÃO SAÚDE SÃO JOSÉ,SC,473018787.19,157672929.06333333,73335567.46402548,3,3
UNIMED DE LORENA COOPERATIVA DE TRABALHO MÉDICO,SP,471841271.57000005,157280423.85666668,72764021.66786495,3,3
UNIMED DE TAUBATÉ COOPERATIVA DE TRABALHO MÉDICO,SP,469591271.36,156530423.78666666,64165063.61105689,3,3
ASSOCIAÇÃO POLICIAL DE ASSISTÊNCIA À SAÚDE DE BAURU,SP,469191221.74,156397073.91333333,71188462.07548149,3,3
UNIMED VALE DO JAURU COOPERATIVA DE TRABALHO MÉDICO,MT,465033567.7,155011189.23333332,66158438.17864668,3,3
ASSOCIAÇÃO SÃO LUIZ SAÚDE,SP,461669939.44,153889979.81333333,72101662.3840596,3,3
UNIMED DE BARRETOS COOPERATIVA DE TRABALHO MÉDICO,SP,460575350.87,153525116.95666668,73093316.89862546,3,3
UNIMED ALTO SÃO FRANCISCO COOPERATIVA DE TRABALHO MÉDICO,MG,460273458.21000004,153424486.07000002,72243523.06000745,3,3
CAIXA DE ASSISTÊNCIA DOS FUNCIONÁRIOS DO BANCO DA AMAZÔNIA - CASF,PA,458824604.93999994,152941534.98,61369956.906000465,3,3
IRMANDADE DE MISERICÓRDIA DO HOSPITAL DA SANTA CASA DE MONTE ALTO,SP,458050351.9,152683450.63333333,77446161.31028454,3,3
UNIMED DE AVARÉ COOPERATIVA DE TRABALHO MÉDICO,SP,450909782.45000005,150303260.8166667,70358016.48029527,3,3
UNIMED NORTE DO PARANÁ COOPERATIVA REGIONAL DE TRABALHO MÉDICO,PR,450212297.67,150070765.89000002,73080860.59840918,3,3
DENTAL UNI - COOPERATIVA ODONTOLÓGICA,PR,444829916.65,148276638.88333333,77374631.08640064,3,3
ANAFE SAUDE,GO,444723721.70000005,148241240.5666667,69500552.98837708,3,3
UNIMED-RIO COOPERATIVA DE TRABALHO MEDICO DO RIO DE JANEIRO,RJ,438286071.6,438286071.6,0.0,1,1
UNIMED DE ANDRADINA - COOPERATIVA DE TRABALHO MÉDICO,SP,437581366.25,145860455.41666666,71793487.0290606,3,3
UNITY SERVIÇOS INTEGRADOS DE SAÚDE LTDA.,DF,435506272.01,145168757.33666667,81805594.19570744,3,3
CAIXA DE ASSISTÊNCIA AOS MEMBROS DA DEFENSORIA PÚBLICA DO ESTADO DO RIO DE JANEIRO,RJ,433694408.1,144564802.70000002,71708312.05508251,3,3
CAIXA DE ASSISTÊNCIA SISTEMA SAÚDE INTEGRAL-SSI SAUDE,RS,423087929.87,141029309.95666668,74493079.61666669,3,3
UNIMED DE CAPIVARI -COOPERATIVA DE TRABALHO MÉDICO,SP,422097312.53000003,140699104.17666668,66967837.13694286,3,3
LEADER ASSISTÊNCIA MÉDICA E HOSPITALAR LTDA.,SP,421799745.82,140599915.27333334,61262765.507762626,3,3
ASSOCIAÇÃO FUNDO DE PROTEÇÃO À SAÚDE,PR,418966791.87,139655597.29,63695492.370712824,3,3
"FEDERAÇÃO DAS SOCIEDADES COOPERATIVAS DE TRABALHO MÉDICO DO ACRE, AMAPÁ, AMAZONAS, PARÁ, RONDONIA E RORAIMA",AM,414051801.03,414051801.03,0.0,1,1
ÚNICA ASSISTENCIA MEDICA LTDA,SP,412757650.40000004,137585883.46666667,60669460.622361794,3,3
IRMANDADE DA SANTA CASA DE MISERICÓRDIA DE PASSOS,MG,411144719.27,137048239.75666666,71298239.58069421,3,3
IRMANDADE DE MISERICORDIA DE PORTO FERREIRA,SP,406959121.78,135653040.59333333,71941422.18909128,3,3
GS PLANO GLOBAL DE SAÚDE LTDA,RJ,402797088.54999995,134265696.1833333,68553279.67805,3,3
UNIMED SÃO SEBASTIÃO DO PARAÍSO COOPERATIVA DE TRABALHO MÉDICO,MG,399913459.45,133304486.48333333,61054297.89432545,3,3
UNIMED VERTENTE DO CAPARAÓ - COOPERATIVA DE TRABALHO MÉDICO LTDA,MG,395425673.02,131808557.67333333,49929201.515607364,3,3
UNIMED CATAGUASES COOPERATIVA DE TRABALHO MÉDICO LTDA,MG,392297039.82,130765679.94,59630651.64661324,3,3
UNIMED DE TUPA COOPERATIVA DE TRABALHO MÉDICO,SP,384197517.62,128065839.20666666,62984538.10663289,3,3
MAIS SAÚDE PLANO DE SAÚDE LTDA,GO,381430636.18,127143545.39333333,71239369.00277719,3,3
ASSOCIAÇÃO DOS AUDITORES FISCAIS DO ESTADO DA PARAÍBA - AFRAFEP,PB,379945678.39,126648559.46333332,62602697.10292095,3,3
OPERADORA DE PLANOS PRIVADOS DE SAÚDE - SANTA CASA SAÚDE LTDA,MS,379328420.85,126442806.95,57844592.39319977,3,3
SANTA CASA DE MISERICÓRDIA DE VOTUPORANGA,SP,375504383.48,125168127.82666667,58313088.88682855,3,3
BIO SAÚDE SERVIÇOS MÉDICOS LTDA,SP,375328717.58000004,125109572.52666669,39671940.146221496,3,3
UNIMED VIÇOSA - COOPERATIVA DE TRABALHO MÉDICO,MG,372313716.94,124104572.31333333,61498123.36777624,3,3
ASSOCIAÇÃO DOS FUNCIONÁRIOS DO FISCO DO ESTADO DE GOIÁS,GO,371196510.72,123732170.24000001,62728514.88706495,3,3
UNIMED DE MINEIROS COOPERATIVA DE TRABALHO MÉDICO,GO,369290994.15999997,123096998.05333333,58905859.646287866,3,3
INTERMEDICI PIRACICABA ASSISTENCIA MEDICA LTDA,SP,368080247.02,122693415.67333333,61993802.631922014,3,3
UNIMED DE UBA COOPERATIVA DE TRABALHO MEDICO,MG,367099533.66,122366511.22000001,63574801.75995031,3,3
CONFERÊNCIA SÃO JOSÉ DO AVAÍ,RJ,364624074.86,121541358.28666668,70240271.75691628,3,3
UNIMED VILHENA - COOPERATIVA DE TRABALHO MEDICO LTDA,RO,361155595.01,120385198.33666666,76050802.71259864,3,3
CAIXA DE ASSISTÊNCIA DOS MAGISTRADOS DE PERNAMBUCO,PE,360319852.29999995,120106617.43333332,58764100.06525594,3,3
UNIMED DE PIRASSUNUNGA COOPERATIVA DE TRABALHO MÉDICO,SP,358247279.15999997,119415759.71999998,65693498.99708622,3,3
UNIMED TRÊS CORAÇÕES COOPERATIVA DE TRABALHO MÉDICO LTDA.,MG,356865745.38,118955248.46,57528868.57877866,3,3
UNIMED DE MOCOCA COOPERATIVA DE TRAB. MÉDICO,SP,354612995.35,118204331.78333335,62213834.69334365,3,3
UNIMED GURUPI COOPERATIVA DE TRABALHO MÉDICO,TO,353767365.39,117922455.13,50992877.543256536,3,3
ASSOCIAÇÃO PARANAENSE DE ASSISTÊNCIA À SAUDE DOS MEMBROS DO MINISTERIO PUBLICO DO PARANÁ,PR,353640282.18,117880094.06,53813874.45264227,3,3
UNIMED PONTAL DO TRIÂNGULO - COOPERATIVA DE TRABALHO MÉDICO,MG,350792210.48,116930736.82666667,49660220.10414661,3,3
UNIMED CARATINGA - COOPERATIVA DE TRABALHO MÉDICO LTDA,MG,349160660.90999997,116386886.96999998,51139311.63117985,3,3
UNIMED NOROESTE DE MINAS COOPERATIVA DE TRABALHO MEDICO LTDA,MG,346042405.53999996,115347468.51333332,57408253.99230017,3,3
TERRAMAR ADMINISTRADORA DE PLANO DE SAUDE LTDA,BA,333424901.65999997,111141633.88666666,50501405.22174444,3,3
PLANO ODONTOLÓGICO DENTALVIDAS LTDA.,SP,324812234.87,108270744.95666666,60605537.866389774,3,3
FUNDAÇÃO FILANTRÓPICA E BENEFICENTE DE SAÚDE ARNALDO GAVAZZA FILHO,MG,324723272.81,108241090.93666667,53434805.475924216,3,3
UNIMED FRUTAL COOPERATIVA DE TRABALHO MEDICO LTDA,MG,324334685.47,108111561.82333334,45722249.62590543,3,3
UNIMED PLANALTO CENTRAL/RS - COOPERATIVA DE ASSISTÊNCIA  À SAÚDE LTDA.,RS,324316826.98,108105608.99333334,54332442.21614626,3,3
UNIODONTO DE SÃO JOSÉ DOS CAMPOS COOPERATIVA DE TRABALHO ODONTOLÓGICO,SP,319522156.17,106507385.39,54520751.08605282,3,3
UNIMED VALE DO PIQUIRI-COOPERATIVA DE TRABALHO MÉDICO VALE DO PIQUIRI,PR,315978507.27,105326169.08999999,52015151.52452482,3,3
UNIMED ALFENAS COOPERATIVA DE TRABALHO MEDICO,MG,310921800.09000003,103640600.03000002,46257658.452590294,3,3
POLI SAUDE OPERADORA DE PLANO DE SAUDE LTDA,PR,309998564.56,103332854.85333334,50913214.3314976,3,3
AMPARA ASSISTÊNCIA MÉDICA PARAÍSO LTDA,MG,309818892.86,103272964.28666668,46415842.56978694,3,3
FUNDAÇÃO FIAT SAÚDE E BEM ESTAR,MG,308851967.07,102950655.69,45290758.30535625,3,3
AMEP FREGUESIA OPERADORA DE PLANO DE SAUDE LTDA,RJ,308048951.82000005,102682983.94000001,47930986.586217165,3,3
PRONTOCLINICA E HOSPITAIS SAO LUCAS S/A,MG,299962413.63,99987471.21,37802551.693100646,3,3
UNIMED REGIÃO DA CAMPANHA/RS - COOPERATIVA DE ASSISTÊNCIA À SAÚDE LTDA.,RS,299687654.57000005,99895884.85666668,48405806.26909193,3,3
BRASILDENTAL OPERADORA DE PLANOS ODONTOLÓGICOS S.A.,SP,298290093.5,99430031.16666667,53090107.06355382,3,3
FUNDAÇÃO DE ASSISTÊNCIA À SAÚDE DA ASSOCIAÇÃO DO MINISTÉRIO PÚBLICO DO RIO GRANDE DO SUL,RS,292409993.2,97469997.73333333,53477782.79347947,3,3
SF SISTEMAS DE SAÚDE LTDA,SP,289843855.4,96614618.46666665,56560276.43770668,3,3
ASSOCIAÇÃO FCA SAÚDE,MG,287504747.73,95834915.91000001,45275448.731651895,3,3
UNIMED DE SAO JOSÉ DO RIO PARDO-COOP. DE TRAB. MÉDICO,SP,287502720.13,95834240.04333334,49600369.66076753,3,3
UNIMED LEOPOLDINA COOPERATIVA DE TRABALHO MÉDICO LTDA,MG,283186828.74,94395609.58,53307275.932986654,3,3
PREVIDENT ASSISTÊNCIA ODONTOLÓGICA S.A,SP,277816754.71000004,92605584.90333335,44366526.11476522,3,3
UNIMED DE ADAMANTINA-COOPERATIVA DE TRABALHO MÉDICO,SP,276724705.87,92241568.62333333,44282995.405032486,3,3
CAIXA DE ASSISTÊNCIA DOS EMPREGADOS DO BANEB,BA,275496144.87,91832048.29,30648945.288286876,3,3
ASSOCIAÇÃO PLANO DE SAÚDE SANTA CASA DE VALINHOS,SP,273685399.02,91228466.33999999,42194962.715282544,3,3
UNIMED DE DRACENA - COOPERATIVA DE TRABALHO MÉDICO,SP,271596860.64,90532286.88,44527307.633095585,3,3
ASSOCIAÇÃO POLICIAL DE ASSISTÊNCIA À SAÚDE DE RIBEIRÃO PRETO (APAS),SP,270985781.68,90328593.89333333,40992476.01011897,3,3
UNIMED SUDOESTE DE MINAS COOPERATIVA DE TRABALHO MÉDICO,MG,270676723.25,90225574.41666667,50466000.26051441,3,3
SBC SAÚDE LTDA.,SP,269673652.32,89891217.44,38068728.856434606,3,3
PLAMER PLANO MEDICO RESENDE LTDA,RJ,265034678.47,88344892.82333334,34707692.16635605,3,3
SOCIEDADE BENEFICENTE DEZOITO DE JULHO,MG,262106242.45999998,87368747.48666666,42026582.19646235,3,3
ASSOCIACAO DOS PROFESSORES UNIVERSITÁRIOS DA BAHIA,BA,258898107.38,86299369.12666667,39025892.01194313,3,3
UNIMED CALDAS NOVAS - COOPERATIVA DE TRABALHO MEDICO,GO,252446204.90000004,84148734.96666668,39684114.53900172,3,3
IRMANDADE DA SANTA CASA DE MISERICÓRDIA E MATERNIDADE DONA ZILDA SALVAGNI,SP,251519122.53,83839707.51,39811194.98608865,3,3
CAIXA DE ASSISTÊNCIA DOS EMPREGADOS DO BANESE,SE,246092417.61,82030805.87,33795628.74830909,3,3
UNIMED DE REGISTRO COOPERATIVA DE TRABALHO MÉDICO,SP,242447285.81,80815761.93666667,36649383.395535015,3,3
UNIMED DE MONTE ALTO - COOPERATIVA DE TRABALHO MÉDICO,SP,240746071.01999998,80248690.33999999,39951986.151795864,3,3
FILOSANITAS SAUDE LTDA,SP,240613413.68,80204471.22666667,43432722.65770851,3,3
UNIMED TRÊS PONTAS - COOPERATIVA DE TRABALHO MÉDICO,MG,239448201.32999998,79816067.11,38887102.07562501,3,3
UNIX SAÚDE S.A,BA,235917751.39000002,78639250.46333334,34052352.49567474,3,3
UNIMED VALE DO CORUMBÁ COOPERATIVA DE TRABALHO MEDICO,GO,235734152.45,78578050.81666666,38712456.59355112,3,3
UNIMED REGIONAL DE FLORIANO - COOPERATIVA DE TRABALHO MÉDICO,PI,233747731.32999998,77915910.44333333,36160671.45286499,3,3
ASSOCIAÇÃO POLICIAL DE ASSISTÊNCIA A SAÚDE DA BAIXADA SANTISTA,SP,232378267.3,77459422.43333334,32684553.247198403,3,3
ADVANCE PLANOS DE SAÚDE LTDA,SP,232209439.49,77403146.49666667,38959721.814905286,3,3
ASSOCIAÇÃO DOS AUDITORES FISCAIS DA RECEITA ESTADUAL DO RIO DE JANEIRO,RJ,231204061.85,77068020.61666666,33159049.965487443,3,3
TRINO - ALIANCA FILANTRÓPICA DE ASSISTÊNCIA E INTEGRAÇÃO PARA O DESENVOLVIMENTO DA SAUDE,ES,230259639.87,76753213.29,41149849.59039979,3,3
ASSOCIAÇÃO DOS EMPREGADOS DA COMPANHIA ESTADUAL DE HABITAÇÃO E OBRAS PÚBLICAS - ASSEC,SE,230199477.75,76733159.25,37350567.92667428,3,3
UNIMED REGIÃO DA FRONTEIRA - RS COOPERATIVA DE ASSISTÊNCIA À SAÚDE LTDA.,RS,229611870.97000003,76537290.32333334,36592801.22753886,3,3
FUNDACAO CAPITAL PREVIDENCIA E SAUDE - CAPITAL PREV,ES,227827361.32,113913680.66,44790702.129675105,2,2
FEDERAÇÃO DAS COOP ODONTOLÓGICAS DO ESTADO DE SANTA CATARINA,SC,224619095.71,74873031.90333334,39473026.72634348,3,3
PB ASSISTENCIA MEDICA EU LTDA,BA,222783325.22,74261108.40666667,45147065.163094886,3,3
SV SAUDE ADMINSTRADORES DE PLANO DE SAUDE LTDA,RJ,222467421.2,74155807.06666666,37257077.02866741,3,3
ASSOCIAÇÃO SANTA CASA CLÍNICAS DE BIRIGUI,SP,221108194.28000003,73702731.42666668,36212213.336157545,3,3
ALLIANZ SAÚDE S/A,SP,219149068.38,73049689.46,12136845.55536507,3,3
ASSOCIAÇÃO VALEPARAIBANA DE ASSISTÊNCIA MÉDICA POLICIAL,SP,216719302.36,72239767.45333333,13257766.553809183,3,3
ASSOCIAÇÃO POLICIAL DE ASSISTÊNCIA À SAÚDE DE ARAÇATUBA (APAS),SP,215857416.94,71952472.31333333,31229755.64651458,3,3
UNIMED CACERES COOPERATIVA DE TRABALHO MÉDICO,MT,215567357.22,71855785.74,28019406.514475964,3,3
UNIMED SUDOESTE PAULISTA COOPERATIVA DE TRABALHO MÉDICO,SP,209644959.98000002,69881653.32666667,31850515.902638953,3,3
UNIODONTO BELÉM - COOPERATIVA DE ASSISTÊNCIA À SAÚDE ODONTOLÓGICA,PA,209556958.93,69852319.64333333,36585190.23294215,3,3
ASSOCIAÇÃO SAÚDE CONCEIÇÃO,SC,208228090.24,69409363.41333334,33673085.337723404,3,3
"ASSOCIAÇÃO DOS SERVIDORES MUNICIPAIS, ESTADUAIS E FEDERAIS DO RIO DE JANEIRO",RJ,204069358.32,68023119.44,17391012.725958724,3,3
PESSOAL SAÚDE PLANOS DE ASSISTÊNCIA MÉDICA LTDA,SP,203053734.03,67684578.01,31157938.575574633,3,3
EVANGELICO SAUDE LTDA.,PR,202310046.57,67436682.19,29582088.679676816,3,3
ATÍVIA SERVIÇOS DE SAÚDE S/A,SP,201282938.53,100641469.265,22140192.445516665,2,2
SANTA CASA DE MISERICORDIA HOSPITAL SÃO VICENTE,SP,200503208.93,66834402.97666667,33762475.35525478,3,3
MAIS SAUDE S/A,ES,194284786.16,97142393.08,54602424.156096525,2,2
UNIMED NORTE/NORDESTE-FEDERAÇÃO INTERFEDERATIVA DAS SOCIEDADES COOPERATIVAS DE TRABALHO MÉDICO EM RECUPERAÇÃO JUDICIAL,PB,193466496.66,64488832.22,5823397.8464603145,3,3
ASSOCIAÇÃO GOIANA DO MINISTÉRIO PÚBLICO,GO,192810207.95999998,64270069.31999999,31656746.396003984,3,3
AME VVIDA PLANOS DE SAUDE INTEGRADO LTDA.,RO,192745775.44,64248591.81333333,28690076.171684224,3,3
UNIMED REGIÃO DA PRODUÇÃO/RS - COOPERATIVA DE ASSISTÊNCIA À SAÚDE LTDA,RS,192388372.21,64129457.403333336,33827699.33038811,3,3
COOPERATIVA DOS USUÁRIOS DE SERVIÇOS DE SAÚDE LTDA.,RS,189741655.56,63247218.52,32684334.849171497,3,3
SOCIEDADE PORTUGUESA DE BENEFICÊNCIA,RS,185520217.56,61840072.52,27291566.84728833,3,3
UNIMED DE JATAÍ COOPERATIVA DE TRABALHO MÉDICO LTDA.,GO,182911168.88,60970389.626666665,28498696.4057614,3,3
UNIODONTO DE FORTALEZA COOPERATIVA DE TRABALHO ODONTOLOGICO LTDA,CE,181608551.06,60536183.68666667,29378905.991486475,3,3
SANTA CASA DE MISERICÓRDIA E BENEFICÊNCIA PORTUGUESA,SP,177810972.99,59270324.330000006,33294891.48840477,3,3
UNIMED ALTO JACUÍ/RS - COOPERATIVA DE ASSISTÊNCIA À SAÚDE LTDA,RS,171906121.64000002,57302040.546666674,22240496.796954524,3,3
CAIXA DE ASSISTÊNCIA DO SINDFISCO - CASSIND,SE,169007446.82999998,56335815.60999999,29975172.10006581,3,3
SANTA CASA DE SAÚDE - SCS,ES,166623363.25,55541121.083333336,26441140.862984795,3,3
DESBAN - FUNDAÇÃO BDMG DE SEGURIDADE SOCIAL,MG,166121236.85,55373745.61666667,25108161.48756972,3,3
UNIMED PATOS - COOPERATIVA DE TRABALHO MÉDICO,PB,165386859.76,55128953.25333333,26455914.908886306,3,3
UNIMED DO OESTE DA BAHIA COOPERATIVA DE TRABALHO MÉDICO,BA,164675408.28,54891802.76,21486990.087642077,3,3
UNIMED DE PENAPOLIS - COOPERATIVA DE TRABALHO MEDICO,SP,164675332.41,54891777.47,30607920.004458684,3,3
UNIODONTO PORTO ALEGRE COOPERATIVA ODONTOLOGICA LTDA,RS,164101645.34,54700548.446666665,32684480.78527051,3,3
UNIODONTO/RN - COOPERATIVA ODONTOLOGICA DO RIO GRANDE DO NORTE,RN,163905437.34000003,54635145.78000001,26052278.4692231,3,3
HOSPITAL DE PRONTOCLINICA LTDA.,RS,161300853.98,53766951.32666666,22268017.296450406,3,3
FUNASA SAÚDE,PB,160393917.32,53464639.10666666,23580610.055154547,3,3
UNIODONTO DE SC COOPERATIVA ADMINISTRADORA DE CONTRATOS,SC,160342575.08999997,53447525.029999994,25350519.968673546,3,3
UNIODONTO REGIONAL COOPERATIVA ODONTOLOGICA,MG,157462314.46,52487438.153333336,28684079.185155928,3,3
UNIODONTO PIRACICABA - COOPERATIVA ODONTOLÓGICA,SP,157316395.93,52438798.64333334,27266201.029343057,3,3
UNIDENTIS ASSISTENCIA ODONTOLOGICA LTDA.,PB,155887750.24,51962583.413333334,24712002.10629176,3,3
UNIMED SÃO JOÃO NEPOMUCENO COOPERATIVA DE TRABALHO MÉDICO LTDA.,MG,154804324.31,51601441.43666667,24876601.78062235,3,3
ATITUDE SAÚDE ASSISTÊNCIA MEDICA LTDA,BA,154678182.60999998,51559394.203333326,28465084.82645239,3,3
UNIODONTO MACEIÓ COOPERATIVA ODONTOLÓGICA,AL,153477796.01999998,51159265.339999996,26116624.320240557,3,3
AURORA SAÚDE LTDA,MG,153100050.37,51033350.123333335,28937252.495960783,3,3
UNIMED MACHADO COOPERATIVA DE TRABALHO MEDICO,MG,153093603.23000002,51031201.076666676,24439510.028969202,3,3
UNIMED VALE DO CARANGOLA COOPERATIVA DE TRABALHO MEDICO LTDA,MG,151745238.4,50581746.13333333,24676425.94364,3,3
COOPERATIVA DOS USUÁRIOS DE SERVIÇOS DE SAÚDE DO VALE DO RIO DOS SINOS LTDA,RS,147940848.05,49313616.01666667,22736295.30433291,3,3
CARE PLUS ODONTOLOGIA ASSISTENCIAL LTDA.,SP,146677873.09,48892624.36333334,45698555.94394701,3,3
UNIMED DE CORUMBA COOPERATIVA DE TRABALHO MÉDICO,MS,144134199.32999998,48044733.10999999,24359396.746492945,3,3
NACIONAL ODONTO OPERADORA DE PLANOS ODONTOLÓGICOS LTDA.,PE,142626161.42000002,47542053.80666667,21170392.349364717,3,3
UNIMED PONTE NOVA COOPERATIVA DE TRABALHO MEDICO LTDA,MG,142558001.71,47519333.903333336,23945426.89251318,3,3
VIVENTERIS LTDA,PR,142503843.58999997,47501281.19666666,20415746.855300095,3,3
VIDA TOP MAIS SAÚDE OPERADORA DE PLANOS DE SAÚDE LTDA.,SP,142079800.07,47359933.35666666,26178380.849714465,3,3
UNIODONTO GOIANIA COOPERATIVA DE CIRURGIÕES DENTISTAS,GO,140906650.3,46968883.43333334,25049638.27208165,3,3
ASSOCIAÇAO UNISAUDE MARAU,RS,139309636.39,46436545.46333333,18621610.023715988,3,3
SUL DO PARÁ LTDA,PA,136406824.75,45468941.583333336,13290774.794087958,3,3
RIO DOCE SAÚDE,ES,135702586.95999998,45234195.65333333,22591506.822359174,3,3
ON MED ASSISTÊNCIA MÉDICA LTDA,RS,132774173.63,44258057.876666665,31348055.723087147,3,3
ASSOCIACAO POLICIAL DE ASSISTENCIA A SAUDE DE PRESIDENTE PRUDENTE (APAS),SP,131409980.9,43803326.96666667,21289049.939465355,3,3
AMERON - ASSISTÊNCIA MÉDICA RONDÔNIA S/A. - EM LIQUIDAÇÃO EXTRAJUDICIAL,RO,128882281.34,42960760.446666665,616133.9167204923,3,3
TOTAL ASSISTÊNCIA MÉDICA HOSPITALAR LTDA,MG,121674120.49000001,40558040.163333334,22175407.54587933,3,3
UNIMED MORRINHOS COOPERATIVA DE TRABALHO MEDICO,GO,119104113.41,39701371.13666666,21330604.434490647,3,3
UNIMED REGIONAL DE PICOS - COOPERATIVA DE TRABALHO MÉDICO,PI,116594384.97999999,38864794.99333333,18571546.538440693,3,3
ASSOCIAÇÃO POLICIAL DE ASSISTÊNCIA A SAÚDE,SP,116393771.65,38797923.88333333,18858890.96717425,3,3
R.M.I. OPERADORA DE SAÚDE INTEGRADA LTDA,SP,116122486.11,58061243.055,16815361.599343978,2,2
ODONTO EMPRESAS CONVENIOS DENTARIOS LTDA.,SP,114433508.38,38144502.79333333,17981506.22967995,3,3
FUNDAÇÃO PLAMHUV - PLANO MÉDICO HOSPITALAR DOS HOSPITAIS UNIDOS DE VIÇOSA,MG,112853317.51,37617772.50333334,18790002.098592523,3,3
UNIODONTO DE JOÃO PESSOA COOPERATIVA ODONTOLÓGICA,PB,111311196.98,37103732.32666667,15824595.808973096,3,3
UNIMED SOUSA - COOPERATIVA DE TRABALHO MÉDICO,PB,106894441.75,35631480.583333336,14452741.83834187,3,3
SEPACO SAÚDE LTDA,SP,104609853.69,34869951.23,7270884.964753964,3,3
UNIODONTO DO BRASIL CENTRAL NACIONAL DAS COOPERATIVAS ODONTÓLOGICAS,SP,102882014.41,34294004.803333335,19431567.71863596,3,3
HOSPITAL CESAR LEITE,MG,102406313.21000001,34135437.73666667,18156211.749553792,3,3
"CAIXA DE ASSISTÊNCIA À SAÚDE DOS TRABALHADORES NAS INDÚSTRIAS METALÚRGICAS, MECÂNICAS E DO MATERIAL ELÉTRICO DE BRUSQUE",SC,100953714.67999999,33651238.22666667,15599076.394864302,3,3
OPLAN SAÚDE OPERADORA DE PLANO DE SAÚDE LTDA,RJ,100925105.49,33641701.83,17625342.84058757,3,3
SOCIEDADE DE ASSISTÊNCIA MÉDICA - SAMEISA,RS,100294399.02,33431466.34,15470031.036065865,3,3
CONFIANÇA ASSISTÊNCIA MÉDICO HOSPITALAR LTDA,MG,99968345.26,33322781.753333334,13153760.112866856,3,3
ASSOCIACAO DE SAUDE HOLAMBRA,SP,99473224.19,33157741.396666665,18120835.224405196,3,3
ODONTOGROUP SISTEMA DE SAÚDE LTDA.,DF,99414571.0,33138190.333333332,17246732.265203387,3,3
UNIMED INTRAFEDERATIVA FEDERAÇÃO REGIONAL SUL DE MINAS,MG,98596467.64999999,32865489.216666665,15610870.406770186,3,3
UNIMED CAMPO BELO- COOPERATIVA DE TRABALHO MÉDICO,MG,98100789.77,32700263.256666664,13876858.621052662,3,3
ASSOCIAÇÃO BENEFICENTE CATÓLICA,MG,97883844.29,32627948.096666668,14042098.360874442,3,3
ASSOCIAÇÃO DOS FUNCIONÁRIOS FISCAIS DO ESTADO DO AMAZONAS - AFFEAM,AM,97677206.55,32559068.849999998,19629747.42087379,3,3
UNIODONTO PAULISTA-FEDERAÇÃO DAS COOPERATIVAS ODONTOLÓGICAS DO ESTADO DE SÃO PAULO,SP,94660625.45,31553541.816666666,16778042.386453196,3,3
CAIXA ASSISTENCIAL UNIVERSITARIA DO RIO DE JANEIRO,RJ,93762494.53,31254164.843333334,14095469.448358214,3,3
ANGELI SISTEMAS DE SAUDE S.A.,PR,92547564.67,30849188.223333333,14702498.996607834,3,3
UNIODONTO DE MANAUS - COOPERATIVA ODONTOLÓGICA LTDA.,AM,91099545.35,30366515.116666663,14488943.004091857,3,3
SISTEMA TOTAL DE SAÚDE LTDA.,SP,90579913.81,30193304.603333335,12945687.440165885,3,3
HOSPITAL S.P. LTDA.,RS,89546053.12,29848684.373333335,12595531.967968788,3,3
ASSOCIAÇÃO POLICIAL DE ASSISTENCIA À SAUDE DE SAO JOAO DA BOA VISTA,SP,88857578.32,29619192.77333333,14218584.50439878,3,3
AME-ASSISTÊNCIA MÉDICA A EMPRESAS LTDA,MG,87876163.46,29292054.486666664,12325393.878274214,3,3
MEDGOLD ASSISTENCIA MEDICA LTDA - ME,MG,87359998.51,29119999.503333334,11336598.854854453,3,3
MEDIC GLOBAL PLANOS DE SAÚDE LTDA.,MG,85055039.86,28351679.953333333,14026495.79681477,3,3
PORTOMED - PORTO SEGURO SERVIÇOS DE SAUDE LTDA,SP,84367238.03999999,28122412.679999996,26646971.469328184,3,3
PRONTO SOCORRO CONDE DE MOREIRA LIMA,SP,83594177.69999999,27864725.899999995,13037038.030240675,3,3
PLANO ASSISTENCIAL SÃO LUCAS LTDA,MG,83127692.9,27709230.96666667,9804436.762992423,3,3
PLAMESC PLANOS DE SAÚDE LTDA,RJ,81277824.37,27092608.123333335,12196949.174181826,3,3
ORALE ASSISTÊNCIA ODONTOLÓGICA LTDA,BA,79827250.78,26609083.593333334,11387999.264466088,3,3
PRIMA VIDA ODONTOLOGIA DE GRUPO LIMITADA,RJ,79542047.03,26514015.676666666,11278576.91878012,3,3
ASSOCIACAO POLICIAL DE ASSISTENCIA A SAUDE DE ITAPETININGA,SP,78429179.74000001,26143059.913333338,11136075.65517364,3,3
UNIODONTO DE AMERICANA COOPERATIVA ODONTOLÓGICA,SP,78340886.50999999,26113628.836666662,12909958.443291605,3,3
VOCÊ TOTAL PLANOS DE SAÚDE LIMITADA,SP,76686873.84,25562291.28,20150026.710606523,3,3
SANTA CASA DE MISERICÓRDIA DE TUPÃ,SP,74640525.49,24880175.16333333,10375753.343803396,3,3
UNIMED DE BATATAIS - COOPERATIVA DE TRABALHO MÉDICO,SP,72929379.7,24309793.233333334,10688044.786240334,3,3
COMSEDER - COOPERATIVA DE ASSISTÊNCIA MÉDICA DOS SERVIDORES DA SUPLAN E DO DER LTDA,PB,72486202.77000001,24162067.590000004,10651698.977152273,3,3
ASSOCIACAO CIVIL PRÓ-SAÚDE DOS SERVIDORES DA UNIVERSIDADE ESTADUAL DE PONTA GROSSA,PR,71758200.47,23919400.156666666,11943455.508380678,3,3
ASSOCIAÇÃO UNIVIDA SANTA RITA DO PASSA QUATRO,SP,71425398.30000001,23808466.100000005,10630918.133030599,3,3
SERVDONTO - PLANO DE ASSISTÊNCIA ODONTOLÓGICA LTDA,SE,71115048.13,23705016.043333333,11504719.928232422,3,3
DONA SAÚDE CLINICAS LTDA,SP,65673368.11,21891122.703333333,2142314.3961973195,3,3
CEDPLAN SAÚDE LTDA EPP,MG,65265171.129999995,21755057.043333333,9583789.28547684,3,3
UNIODONTO UBERABA - COOPERATIVA DE ASSISTÊNCIA À SAÚDE ODONTOLÓGICA LTDA,MG,65128624.11,21709541.37,11427127.103038233,3,3
ASSOCIAÇÃO DO FISCO DE ALAGOAS,AL,63386021.42,21128673.80666667,18663249.72758682,3,3
S1 OPERADORA DE PLANO DE SAÚDE LTDA,DF,62702709.28,20900903.093333334,10358964.95089609,3,3
NOSAMED ASSISTÊNCIA MÉDICA LTDA.,SP,62549369.129999995,20849789.709999997,9925198.361691134,3,3
TELOS - FUNDAÇÃO EMBRATEL DE SEGURIDADE SOCIAL,RJ,61467003.38000001,20489001.12666667,12613589.374625606,3,3
PLENUM ASSISTENCIA MEDICA  LTDA,DF,61218573.28999999,30609286.644999996,13438542.929901661,2,2
UNIMED CAJAZEIRAS - SOCIEDADE COOPERATIVA DE TRABALHO MÉDICO,PB,59796130.910000004,19932043.636666667,10064369.980170676,3,3
UNIMED VALE DO URUCUIA - COOPERATIVA DE TRABALHO MEDICO LTDA,MG,59518891.26,19839630.419999998,9222538.991552744,3,3
FUNDO DE ASSISTÊNCIA MÉDICO-HOSPITALAR DO MINISTÉRIO PÚBLICO,MS,59437418.25,19812472.75,11705862.117365843,3,3
CAIXA BENEFICENTE DOS FUNCIONÁRIOS DO GRUPO IGUAÇU,PR,57590703.09,19196901.03,7959927.390413199,3,3
UNIODONTO DE SOROCABA COOPERATIVA ODONTOLÓGICA,SP,56843241.239999995,18947747.08,10155050.596301217,3,3
PERSONAL CARE OPERADORA DE SAÚDE SA,SP,56329108.17,28164554.085,7997939.272354403,2,2
ASSOCIAÇÃO POLICIAL DE ASSISTÊNCIA À SAÚDE DE BARRETOS,SP,55843251.31,18614417.103333335,8562468.449323816,3,3
SEMPRE ODONTO PLANOS ODONTOLOGICOS LTDA,RJ,54522793.519999996,18174264.506666664,8284716.387820623,3,3
CARING SAÚDE ASSISTÊNCIA MÉDICA LTDA.,RJ,54216826.86,18072275.62,8913283.410703534,3,3
UNIODONTO DE ARARAQUARA COOPERATIVA ODONTOLÓGICA,SP,53797413.370000005,17932471.123333335,9297865.011892943,3,3
UNIODONTO VALE HISTORICO COOPERATIVA ODONTOLOGICA,SP,52771368.38,17590456.12666667,9159690.874373324,3,3
UNIODONTO DO SUL GOIANO COOPERATIVA ODONTOLOGICA,GO,51663833.13,17221277.71,7530863.887148955,3,3
UNIODONTO DE JUNDIAÍ COOPERATIVA ODONTOLÓGICA,SP,51269536.85,17089845.616666667,8026020.176645902,3,3
SAMIG - SERV. DE ASSISTENCIA MEDICA DA ILHA DO GOVERNADOR LTDA,RJ,48890613.37,16296871.123333333,4038429.2208099365,3,3
ASSOCIAÇÃO POLICIAL DE ASSISTÊNCIA À SAÚDE DE PRESIDENTE VENCESLAU,SP,47798442.04,15932814.013333334,7196222.465644731,3,3
ASSOCIAÇÃO POLICIAL DE ASSISTÊNCIA À SAÚDE DE DRACENA,SP,47314320.36,15771440.12,8152918.856911148,3,3
ASSOCIAÇÃO DOS SERVIDORES PÚBLICOS DA ADMINISTRAÇÃO DIRETA DO GOVERNO DO ESTADO DO PARÁ - ASPARÁ,PA,46713483.9,15571161.299999999,7801240.8294605715,3,3
PLANO DE ASSISTÊNCIA MÉDICA MINEIRA LTDA,MG,46378825.07,15459608.356666667,8103158.871504006,3,3
ODONTOART PLANOS ODONTOLÓGICOS LTDA,CE,46311310.92,15437103.64,7724176.030735499,3,3
UNIODONTO ESPIRITO SANTO COOPERATIVA ODONTOLOGICA,ES,45733847.379999995,15244615.793333331,7523244.398950773,3,3
CAMIM OPERADORA DE PLANO DE SAÚDE LTDA,RJ,45437514.21,15145838.07,5638052.684647739,3,3
COOPERATIVA ODONTOLÓGICA POÇOS DE CALDAS,MG,45275802.699999996,15091934.233333332,6992283.326476654,3,3
ASSOCIAÇÃO HOSPITAL SAÚDE DE VARGEM GRANDE DO SUL,SP,45237364.56999999,15079121.523333332,6713628.716445651,3,3
ASSOCIAÇÃO POLICIAL DE ASSISTÊNCIA À SAÚDE - VALE DO RIBEIRA,SP,45164216.41,15054738.803333333,4008506.3394801705,3,3
PLANO VIDA SAUDE SERVIÇOS ODONTOLOGICOS LTDA,SE,44517903.97,14839301.323333332,7510242.718818781,3,3
UNIODONTO MARINGA COOPERATIVA ODONTOLOGICA,PR,44452237.5,14817412.5,7557390.868103532,3,3
DENTALPAR ASSISTÊNCIA ODONTOLÓGICA EMPRESARIAL LTDA.,SP,44268673.72,14756224.573333332,7095747.880313441,3,3
PORTO ALEGRE CLÍNICAS LTDA. - EM LIQUIDAÇÃO EXTRAJUDICIAL,RS,43843608.68,43843608.68,0.0,1,1
PRESERVE SAUDE ASSISTENCIA MEDICA LTDA,BA,43611238.12,14537079.373333333,6323437.58533203,3,3
SD-M OPERADORA DE PLANOS DE SAUDE LTDA,RJ,43049475.9,14349825.299999999,6640425.057266263,3,3
VALE PLANOS DE SAÚDE LTDA,PE,42265403.93,14088467.976666667,11242874.902288327,3,3
ASSOCIAÇÃO SAÚDE RURAL ALEGRETE,RS,41376686.78,13792228.926666668,8036480.772860834,3,3
ASSOCIAÇÃO POLICIAL DE ASSISTÊNCIA À SAÚDE DE JAÚ,SP,40410469.599999994,13470156.533333331,4655861.343355892,3,3
CAIXA DE ASSISTÊNCIA DOS EMPREGADOS DO SETOR PÚBLICO DO ESTADO DE GOIÁS - CAEME,GO,39816572.75,13272190.916666666,6532788.385467398,3,3
UNIODONTO DE LONDRINA COOP. ODONTOLÓGICA,PR,39664374.11,13221458.036666667,6394393.259164861,3,3
UNIODONTO DE PRESIDENTE PRUDENTE COOPERATIVA ODONTOLOGICA,SP,39239164.5,13079721.5,3439353.9629484722,3,3
DENTAL CENTER LTDA,PB,37880995.879999995,12626998.626666665,5996297.98545406,3,3
ASSOCIACAO DOS SERVIDORES DA EMDAGRO - ASSEM,SE,37646491.83,12548830.61,5852985.821005698,3,3
UNIODONTO JACAREÍ COOPERATIVA ODONTOLÓGICA,SP,37533596.36,12511198.786666667,6224830.40966128,3,3
ASSOCIAÇÃO POLICIAL DE ASSISTÊNCIA À SAÚDE APAS,SP,37234346.12,12411448.706666665,3225637.5711446526,3,3
COOPERATIVA ODONTOLÓGICA DO ESTADO DO AMAPÁ,AP,36483422.18,12161140.726666667,6178980.689601002,3,3
ASSOCIAÇÃO POLICIAL DE ASSISTENCIA A SAUDE DE BOTUCATU,SP,35955947.94,11985315.979999999,7938668.871189493,3,3
BENEFICENCIA SOCIAL BOM SAMARITANO,MG,35752530.54,11917510.18,6264792.691435266,3,3
AESP ODONTO ASSISTÊNCIA ODONTOLÓGICA S/S LTDA EPP,SP,35384222.78,11794740.926666668,6875051.508438039,3,3
RODRIGUES LEIRA ODONTOLOGIA LTDA.,SP,35193576.26,11731192.086666666,6135493.963052404,3,3
SANTA CASA DE MISERICÓRDIA E ASILO DOS POBRES DE BATATAIS,SP,35018767.51,11672922.503333332,4547839.436246913,3,3
HSMED SAUDE LTDA,RJ,35014520.9,11671506.966666667,5479063.852010454,3,3
MH VIDA - OPERADORA DE PLANOS DE SAÚDE LTDA,RJ,33226785.760000005,11075595.253333336,6023685.528514562,3,3
PD BRASIL ASSISTENCIA ODONTOLOGICA LTDA,MG,32400246.04,10800082.013333334,4065626.473916663,3,3
UNIODONTO RS FEDERACAO DAS UNIODONTOS DO RGS LTDA,RS,31902802.39,10634267.463333333,4520347.396102139,3,3
DENTAL MASTER LTDA - EPP,AL,30593012.82,10197670.94,5013299.229662904,3,3
DENTAL PLUS CONVÊNIO ODONTOLÓGICO LTDA.,SP,30405733.810000002,10135244.603333334,4826497.4139556615,3,3
ODONT-OPERADORA ODONTOLOGICA LTDA,SP,29048480.17,9682826.723333335,3270018.0383003596,3,3
YOU ASSISTÊNCIA MÉDICA LTDA.,MG,28506600.32,28506600.32,0.0,1,1
SALUSMED OPERADORA DE PLANOS DE SAUDE LTDA,SP,28392018.369999997,9464006.123333333,6394839.166650271,3,3
UNIODONTO DE SERTAOZINHO SP COOPERATIVA ODONTOLOGICA,SP,27835654.119999997,13917827.059999999,4154830.243701095,2,2
ODONTOLIVE OPERADORA DE PLANOS ODONTOLÓGICOS LTDA.,SP,27802388.7,9267462.9,5194615.754801119,3,3
UNIODONTO DE PINDAMONHANGABA COOP ODONTOLOGICA,SP,27690276.509999998,9230092.17,2617282.9999696333,3,3
DENTAL GOLD ASSISTÊNCIA ODONTOLÓGICA LTDA.,PB,27464600.299999997,9154866.766666666,4352233.675784998,3,3
CEAM BRASIL - PLANOS DE SAÚDE LTDA,MG,27388030.64,27388030.64,0.0,1,1
ÔNIX OPERADORA DE PLANOS DE SAÚDE LTDA,RJ,27355433.79,9118477.93,3900072.4337239633,3,3
"ASSOC DE ASSIST À SAÚDE DOS SERV DAS UNIV E INST FED, EST E/OU FAC PART EM PE",PE,26664178.19,8888059.396666666,3171218.9768930166,3,3
IRMANDADE SANTA CASA DE MISERICÓRDIA DE ITAPEVA,SP,25710667.09,8570222.363333333,362943.4746012542,3,3
PORTO DIAS SAUDE LTDA.,PA,25162359.52,8387453.173333333,3950937.573452563,3,3
ASSOCIAÇÃO PADRE PIO PLANOS DE SAÚDE,SP,24146840.490000002,8048946.830000001,3519359.7080116365,3,3
COOPERATIVA DE TRABALHO ODONTOLOGICO - UNIODONTO ITAJUBÁ,MG,23442224.63,7814074.876666666,4339519.939917062,3,3
PREVENT SENIOR CORPORATE OPERADORA DE SAÚDE LTDA.,SP,22990596.67,7663532.223333334,3011949.4212022037,3,3
ASSOCIAÇÃO SERVIÇOS ODONTOLÓGICOS DA INDÚSTRIA DE MINAS GERAIS - ODONTOINDUSTRIA,MG,22268516.63,7422838.876666666,3427351.317208605,3,3
FUNDO DE ASSISTÊNCIA À SAÚDE DOS FUNCIONÁRIOS DO BEC,CE,21818449.49,7272816.496666666,2562829.3143829247,3,3
UNIMED VALE DO PARAÍBA - FEDERAÇÃO INTRAFEDERATIVA DAS COOPERATIVAS MÉDICAS,SP,21677572.56,7225857.52,2403743.5635421416,3,3
CENTRO DE ENDOCRINOLOGIA DE JUNDIAÍ S/S LTDA,SP,21231481.9,7077160.633333333,3096390.643369403,3,3
ASSOCIAÇÃO DOS FISCAIS DE TRIBUTOS ESTADUAIS DO RS - AFISVEC,RS,20621297.75,6873765.916666667,3824686.938602546,3,3
PLANO DE ASSISTÊNCIA ODONTOLÓGICA FAUCHARD LTDA. ME,BA,18557869.990000002,6185956.663333334,3321123.714255408,3,3
HEALTH-MED SISTEMA DE SAUDE LTDA,RJ,17951642.65,5983880.883333333,3476270.6185919433,3,3
QUALIDONTO - QUALIDADE EM ODONTOLOGIA LTDA,BA,17162832.99,5720944.329999999,3476803.0453767707,3,3
BLUZZ SAÚDE S/A,ES,17056630.59,5685543.53,5009651.711584541,3,3
UNIODONTO DE MATO GROSSO COOP TRAB ODONTOLOGICO LTDA,MT,16920684.75,5640228.25,2636650.2051413055,3,3
SANTA CASA DA MISERICÓRDIA DE SÃO JOÃO DEL REI,MG,16918877.41,5639625.803333334,1678653.7482274477,3,3
CAIXA SEGURADORA ESPECIALIZADA EM SAÚDE S/A,SP,14902303.17,4967434.39,1868082.0822217895,3,3
MEDHEALTH PLANOS DE SAÚDE LTDA,PR,14798101.709999999,4932700.569999999,2584370.949805394,3,3
ODONTO SEG OPERADORA DE PLANOS ODONTOLOGICOS S.A.,SP,14010483.04,4670161.013333333,1913780.371551451,3,3
HOSPITAL DE CARIDADE SÃO VICENTE DE PAULO,PR,12878415.770000001,4292805.256666667,188028.72212341244,3,3
SAME-SERVIÇO DE ASSISTÊNCIA MÉDICA EMPRESARIAL LTDA.,MA,12736608.74,4245536.246666667,1618888.63341227,3,3
INNOVA PLANO DE SAUDE LTDA,RO,10848091.870000001,5424045.9350000005,4666680.214072848,2,2
CROWN ODONTOLOGIA DE GRUPO LTDA,SP,10831481.3,3610493.766666667,1395641.730032113,3,3
NOVODENTE S/A,RS,10447973.77,10447973.77,0.0,1,1
SORRIDEN CONVÊNIOS ODONTOLÓGICOS S.A.,SP,9943333.66,3314444.553333333,1415137.0621507699,3,3
CASA DE SAÚDE NOSSA SENHORA DE FÁTIMA  LTDA.,CE,9747747.25,3249249.0833333335,1632269.056568379,3,3
SISTEMA PREVSAUDE DENTAL LTDA,CE,9654948.95,3218316.3166666664,1547370.2873596102,3,3
INFINITY SAÚDE SUPLEMENTAR LTDA,MT,9616283.12,3205427.7066666665,2162562.0196488816,3,3
PLAMEDH - PLANO DE ASSISTÊNCIA MÉDICO-HOSPITALAR LTDA,MG,8161426.81,4080713.405,740848.7783428517,2,2
UNIMED ALTO PARANAIBA COOPERATIVA DE TRABALHO MEDICO,MG,6793711.890000001,2264570.6300000004,811316.2364715543,3,3
BRASIL ODONTO OPERADORA DE PLANOS ODONTOLÓGICOS LTDA,TO,6428611.01,2142870.3366666664,937339.0608750076,3,3
SMART CARE SISTEMAS MÉDICOS E ODONTOLÓGICOS LTDA.,SP,5523199.84,2761599.92,90.08540392293567,2,2
EXCELÊNCIA PLANO DE SAÚDE S/A,ES,5016396.33,1672132.11,2655786.9207319533,3,3
G & M ASSESSORIA MEDICA EMPRESARIAL LTDA,RJ,4926425.37,1642141.79,751516.8296427969,3,3
POLIMÉDICA SAÚDE SOCIEDADE SIMPLES LTDA,RS,4924972.21,1641657.4033333333,625333.6467921411,3,3
ODONTO PRIME S/S LTDA,CE,4857944.4,1619314.8,794498.3176042632,3,3
PLANO SIGMA SAÚDE LTDA,SP,4815271.15,2407635.575,492094.043301504,2,2
BIORAL SISTEMA ODONTOLÓGICO LTDA.,SP,4612366.5,1537455.5,88920.34236057063,3,3
ALMA ODONTO OPERADORA DE PLANOS ODONTOLOGICOS LTDA,SP,4511418.82,1503806.2733333334,153655.68229969929,3,3
BEMSTAR ASSISTENCIA MEDICA LTDA,BA,4393936.85,1464645.6166666665,225538.6847945694,3,3
SAUDIA ASSISTENCIA MÉDICA LTDA,MG,3975998.7,1325332.9000000001,1071774.9428328339,3,3
QUALICORP ADMINISTRADORA DE BENEFÍCIOS S.A.,SP,3787610.2699999996,1262536.7566666666,2210460.1769415922,3,3
ASSISTÊNCIA MÉDICA 12 DE OUTUBRO LTDA,SP,3529987.05,1176662.3499999999,707619.7557318197,3,3
ODILE SERVIÇOS DE SAÚDE LTDA.,SP,3501306.1399999997,1167102.0466666666,1373284.7428974393,3,3
UNIMED FEDERAÇAO DO ESTADO DO MATO GROSSO,MT,2774148.1,924716.0333333333,95124.9809070326,3,3
CLÍNICA SÃO GABRIEL S/S LTDA,SP,1389079.65,463026.55,234370.2160398398,3,3
LIVRI OPERADORA DE PLANO DE SAÚDE LTDA,SP,982627.9299999999,327542.6433333333,179694.01490638062,3,3
EVO SAUDE ASSISTENCIA MEDICA LTDA,DF,861805.86,287268.62,437631.6057029237,3,3
SAGRADA SAÚDE ASSISTÊNCIA MÉDICA LTDA,MG,785669.03,261889.67666666667,223958.67733082597,3,3
PLURAL GESTÃO EM PLANOS DE SAÚDE LTDA,RJ,478569.42000000004,159523.14,147858.54512779537,3,3
SOCIODONTO PLANO DE ASSISTÊNCIA ODONTOLÓGICA LTDA,MG,317622.94999999995,158811.47499999998,176297.97693470574,2,2
UNIMED PARAIBA - FEDERAÇAO DAS SOCIEDADES COOPERATIVAS DE TRABALHO MEDICO,PB,310892.39,103630.79666666668,15547.593089955544,3,3
SAUDE SALV ASSISTENCIA MEDICA LTDA,RO,222347.58,222347.58,0.0,1,1
VITTA SAUDE ADMINISTRADORA DE BENEFICIOS LTDA.,SP,53132.41,17710.803333333333,15496.047701237672,3,3
ARL ADMINISTRADORA DE BENEFÍCIOS LTDA.,SP,28400.0,9466.666666666666,8198.373822492686,3,3
CENTRAL OPERADORA DE PLANOS DE SAÚDE NORTE-NORDESTE LTDA,PB,14360.52,4786.84,0.0,3,3
MAXIMED PLANOS DE SAUDE LTDA,RJ,1.0,1.0,0.0,1,1
NEXO - ADMINISTRADORA DE BENEFICIOS LTDA,SP,0.0,0.0,0.0,3,3
BCI ADMINISTRADORA DE BENEFÍCIOS LTDA.,SP,0.0,0.0,0.0,3,3
BENEVIX ADMINISTRADORA DE BENEFÍCIOS LTDA,ES,0.0,0.0,0.0,3,3
SALUPLAN ADMINISTRADORA DE BENEFÍCIOS LTDA,SP,0.0,0.0,0.0,3,3
BIT LIFE BENEFÍCIOS LTDA,SP,0.0,0.0,0.0,3,3
TOTAL SAUDE  ADMINISTRADORA DE BENEFICIOS EIRELI,ES,0.0,0.0,0.0,3,3
HOSPITAL MATERNIDADE SÃO VICENTE DE PAULO,CE,0.0,0.0,0.0,3,3
HEALTH ADMINISTRADORA DE BENEFICIOS LTDA,SP,0.0,0.0,0.0,1,1
JURAL ADMINISTRADORA DE BENEFICIOS LTDA,SP,0.0,0.0,0.0,1,1
AFFIX ADMINISTRADORA DE BENEFÍCIOS LTDA,SP,0.0,0.0,0.0,3,3
ESPLENDOR ADMINISTRADORA DE BENEFÍCIOS LTDA.,DF,0.0,0.0,0.0,3,3
ELITE SAUDE SERVICOS MEDICOS LTDA.,SP,0.0,0.0,0.0,2,2
UNIC ASSISTENCIA MEDICA LTDA,SP,0.0,0.0,0.0,1,1
ATIMED ASSISTENCIA MEDICA LTDA,SP,0.0,0.0,0.0,1,1
VROCCHI WAY ADMINISTRADORA DE BENEFICIOS LTDA,SP,0.0,0.0,0.0,1,1
A.P.S. ADMINISTRADORA DE BENEFÍCOS LTDA.,SP,0.0,0.0,0.0,1,1
AMPLITUDE PLANOS DE SAUDE LTDA,MG,0.0,0.0,0.0,3,3
PRO-SAUDE JARINU ASSISTENCIA MEDICA SUPLEMENTAR LTDA.,SP,0.0,0.0,0.0,3,3
SAUDE VIVA ADMINISTRADORA DE BENEFICIOS LTDA,SP,0.0,0.0,0.0,3,3
LEXUS ADMINISTRADORA DE BENEFICIOS LTDA,SP,-4083.0,-4083.0,0.0,1,1
UP HEALTH ADMINISTRADORA DE BENEFÍCIOS S/A,ES,-12200.42,-6100.21,8626.999715323978,2,2
CORPORE ADMINISTRADORA DE BENEFICIOS DA SAUDE LTDA,SP,-42000.0,-14000.0,0.0,3,3
VALEM ADMINISTRADORA DE BENEFÍCIOS LTDA,MG,-201265.03,-67088.34333333334,52092.98369567377,3,3
INTERCLINICAS PLANO VIDA USA OPERADORA DE SAUDE LTDA,SP,-550465.8599999999,-183488.61999999997,1920069.0543034626,3,3
QV BENEFÍCIOS EM SAÚDE LTDA,RJ,-609578.7000000001,-203192.90000000002,260607.9566558097,3,3
QUALICORP CLUBE DE SAÚDE ADMINISTRADORA DE BENEFÍCIOS LTDA.,SP,-1948449.1099999999,-649483.0366666666,146434.16419120724,3,3
UNIMED FOZ DO IGUACU COOPERATIVA TRABALHO MEDICO,PR,-4164759.3099999987,-2082379.6549999993,2762880.5393744223,2,2
ZURICH SANTANDER BRASIL ODONTO LTDA.,SP,-5400018.8,-1800006.2666666666,2722975.330187328,3,3
UNICONSULT - ADMINISTRADORA DE BENEFICIOS E SERVICOS LTDA,SP,-8118135.89,-2706045.2966666664,2364748.353343104,3,3
UNIVIDA USA OPERADORA EM SAUDE S/A,SP,-19755849.33,-6585283.109999999,7185872.602372398,3,3
